-- phpMyAdmin SQL Dump
-- version 4.1.4
-- http://www.phpmyadmin.net
--
-- Client :  127.0.0.1
-- Généré le :  Mer 13 Janvier 2021 à 12:00
-- Version du serveur :  5.6.15-log
-- Version de PHP :  5.4.24

SET SQL_MODE = "NO_AUTO_VALUE_ON_ZERO";
SET time_zone = "+00:00";


/*!40101 SET @OLD_CHARACTER_SET_CLIENT=@@CHARACTER_SET_CLIENT */;
/*!40101 SET @OLD_CHARACTER_SET_RESULTS=@@CHARACTER_SET_RESULTS */;
/*!40101 SET @OLD_COLLATION_CONNECTION=@@COLLATION_CONNECTION */;
/*!40101 SET NAMES utf8 */;

--
-- Base de données :  `gsb_cptr_visit`
--

-- --------------------------------------------------------

--
-- Structure de la table `famille`
--

CREATE TABLE IF NOT EXISTS `famille` (
  `id` varchar(10) NOT NULL,
  `libelle` varchar(80) NOT NULL,
  PRIMARY KEY (`id`)
) ENGINE=InnoDB DEFAULT CHARSET=latin1;

--
-- Contenu de la table `famille`
--

INSERT INTO `famille` (`id`, `libelle`) VALUES
('AA', 'Antalgiques en association'),
('AAA', 'Antalgiques antipyréques en association'),
('AAC', 'Antidépresseur d action centrale'),
('AAH', 'Antivertigineux antihistaminique H1'),
('ABA', 'Antibiotique antituberculeux'),
('ABC', 'Antibiotique antiacnénique local'),
('ABP', 'Antibiotique de la famille des béta-lactamines -pénicilline A-'),
('AFC', 'Antibiotique de la famille des cyclines'),
('AFM', 'Antibiotique de la famille des macrolides'),
('AH', 'Antihistaminique H1 local'),
('AIM', 'Antidépresseur imipraminique -tricyclique-'),
('AIN', 'Antidépresseur inhibiteur sélectif de la recapture de la sétonine'),
('ALO', 'Antibiotique local -ORL-'),
('ANS', 'Antidépresseur IMAO non sélectif'),
('AO', 'Antibiotique ophtalmique'),
('AP', 'Antipsychotique normothymique'),
('AUM', 'Antibiotique urinaire minute'),
('CRT', 'Corticoide, antibiotique et antifongique à usage local'),
('HYP', 'Hypnotique antihistaminique'),
('PSA', 'Psychostimulant antiasthésique');

-- --------------------------------------------------------
--
-- Structure de la table `medecin`
--

CREATE TABLE IF NOT EXISTS `medecin` (
  `id` int(11) NOT NULL AUTO_INCREMENT,
  `nom` varchar(30) NOT NULL,
  `prenom` varchar(30) NOT NULL,
  `adresse` varchar(80) NOT NULL,
  `tel` varchar(15) DEFAULT NULL,
  `idSpecialite` varchar(3) DEFAULT NULL,
  `departement` int(11) NOT NULL,
  PRIMARY KEY (`id`),
  KEY `medecin_fk` (`idSpecialite`)
) ENGINE=InnoDB  DEFAULT CHARSET=latin1 AUTO_INCREMENT=1001 ;

--
-- Contenu de la table `medecin`
--

INSERT INTO `medecin` (`id`, `nom`, `prenom`, `adresse`, `tel`, `idSpecialite`, `departement`) VALUES
(1, 'Di Conota', 'Prosper', '25 rue Anatole France BRIANCON 05100', '0485244174', 'GEN', 5),
(2, 'Ferdinand', 'Anne-Lucie', '39 rue des gatinnes BILLIAT 01200', '0433812572', 'PSY', 1),
(3, 'Pastor', 'Camille', '58 rue du stade MESSINCOURT 08110', '0365489929', 'PSY', 8),
(4, 'Certifat', 'Alice', '12 rue des Pigeons JOIGNY-SUR-MEUSE 08700', '0319692016', 'INF', 8),
(5, 'Scipillon', 'Vénus', '55 rue du 14 juillet ORCIERES 05170', '0421670911', 'INF', 5),
(6, 'Shavert', 'Anne-Lucie', '49 rue des Ormes ATTILLY 02490', '0313817061', 'INF', 2),
(7, 'Nasri', 'Marie', '78 rue de Poligny YONCQ 08210', '0388716930', 'HOM', 8),
(8, 'Chamois', 'Andrew', '29 rue des Pigeons SAVINES-LE-LAC 05160', '0477740994', 'INF', 5),
(9, 'Jamgotchian', 'Julien', '45 rue de du général Scott THIN-LE-MOUTIER 08460', '0321760709', 'MAS', 8),
(10, 'Cherioux', 'Aurèle', '16 rue Alphonse Daudet ORCIERES 05170', '0485568083', 'INF', 5),
(11, 'Hansbern', 'Johnny', '74 rue de Paris SAVINES-LE-LAC 05160', '0417789322', 'CHC', 5),
(12, 'Billahian', 'Andrée', '29 rue Edouard Hériot SAINT-SAUVEUR 05200', '0439352503', 'PSY', 5),
(13, 'Zerbib', 'Gilles', '33 rue Commandant Hériot MONTIGNY-SUR-MEUSE 08170', '0334037052', 'PSY', 8),
(14, 'Varditi', 'Vénus', '14 rue de la poste BANCIGNY 02140', '0313832194', 'PSY', 2),
(15, 'Labatiste', 'Cristophe', '81 rue Bonaparte AUBENTON 02500', '0366612144', 'PSY', 2),
(16, 'Gaudin', 'Jules', '85 rue Hector Berlioz BRIANCON 05100', '0459073011', 'GEN', 5),
(17, 'CHeroudy', 'Julienne', '17 rue Lampion AUGIREIN 09800', '0524077425', 'GEN', 9),
(18, 'Lirevien', 'John', '92 rue du général de Gaulle SORBIERS 05150', '0484328394', 'HOM', 5),
(19, 'Pistache', 'Cristophe', '1 rue des Accacias BELLOC 09600', '0564847694', 'GEN', 9),
(20, 'Nazaoui', 'Catherine', '8 rue des Accacias MONCEAU-SUR-OISE 02120', '0352679072', 'HOM', 2),
(21, 'Vipère', 'Julien', '51 rue Bonaparte CAMON 09500', '0552863581', 'GEN', 9),
(22, 'Fortin', 'Nohan', '69 rue Mallarmé AX-LES-THERMES 09110', '0596648531', 'GEN', 9),
(23, 'Chemkaoui', 'Julienne', '72 rue Pasteur SAVOURNON 05700', '0490527954', 'GEN', 5),
(24, 'Ségura', 'Irénée', '28 rue Anatole France BELLEY 01300', '0486481045', 'GEN', 1),
(25, 'Fortin', 'François', '78 rue des Epines AZY-SUR-MARNE 02400', '0318212781', 'GEN', 2),
(26, 'Roland', 'Charles-Edouard', '86 rue Louis Aragon BILLIAT 01200', '0446961025', 'HOM', 1),
(27, 'Prestoriat', 'Jérémy', '89 rue de la pointe SAINT-FIRMIN 05800', '0438318333', 'HOM', 5),
(28, 'Varicelle', 'Johnny', '19 rue de la Tour JOIGNY-SUR-MEUSE 08700', '0341883832', 'GEN', 8),
(29, 'Zidanne', 'Hector', '29 rue de la pointe BOURG-EN-BRESSE 01000', '0431450970', 'GEN', 1),
(30, 'Hatiche', 'Mohammed', '30 rue Pasteur BEZAC 09100', '0591677334', 'MAS', 9),
(31, 'Sursarshill', 'Annie', '82 rue Mallarmé SIGOYER 05130', '0487018886', 'GEN', 5),
(32, 'Cherioux', 'Caline', '27 rue de Marigny BRIANCON 05100', '0444253472', 'GEN', 5),
(33, 'Framier', 'Jordan', '53 rue Alphonse Daudet SAINT-LAURENT-SUR-SAONE 01750', '0463813731', 'GEN', 1),
(34, 'Falmino', 'Anne-Lucie', '94 rue de la pointe BOULIGNEUX 01330', '0462262613', 'GEN', 1),
(35, 'Klébert', 'Reissa', '63 rue Alphonse Daudet AX-LES-THERMES 09110', '0563092583', 'PSY', 9),
(36, 'Mérieux', 'Anne-Jeanne', '26 rue des Armées AVANCON 05230', '0442237548', 'PSY', 5),
(37, 'Merlieux', 'Fatima', '24 rue Albert Camus PELVOUX 05340', '0411439067', 'URG', 5),
(38, 'Zomar', 'Alice', '33 rue de la Tour BOURG-EN-BRESSE 01000', '0479660588', 'PSY', 1),
(39, 'Faure', 'Béatrice', '25 rue des Lilas LAUNOIS-SUR-VENCE 08430', '0389426738', 'PSY', 8),
(40, 'Balittin', 'Armelle', '48 rue de Paris REOTIER 05600', '0467247607', 'PSY', 5),
(41, 'Alprousky', 'Anselme', '19 rue des pyramides ARANDAS 01230', '0434638475', 'PSY', 1),
(42, 'Faure', 'John', '23 rue Alphonse Daudet SORBIERS 05150', '0473380415', 'PSY', 5),
(43, 'Mérieux', 'Firmin', '59 rue de la Pergolat FLEVILLE 08250', '0337420570', 'INF', 8),
(44, 'Yanshen', 'Anne', '59 rue de du général Scott MONTCY-NOTRE-DAME 08090', '0310431717', 'ACU', 8),
(45, 'Bouglieux', 'Gilles', '65 rue des oiseaux ARROUT 09800', '0578097401', 'MAS', 9),
(46, 'Braquet', 'Anne-Jeanne', '29 rue Petit BEDEILLE 09230', '0523206238', 'PSY', 9),
(47, 'Vipère', 'Anne-Lucie', '14 rue Petit BEZAC 09100', '0512011679', 'PSY', 9),
(48, 'Billahian', 'Carole', '86 rue du capitaine Fraquasse BETTANT 01500', '0490382365', 'HOM', 1),
(49, 'Hanscart', 'Amiel', '22 rue Lampion BELLEY 01300', '0463584743', 'INF', 1),
(50, 'Di Natale', 'Martial', '75 rue du capitaine Crochet ATTILLY 02490', '0361985743', 'CHC', 2),
(51, 'Epriniche', 'Anne-Laure', '60 rue Pernod BETTANT 01500', '0437621473', 'CHC', 1),
(52, 'Oumar', 'Prosper', '46 rue de la Tour REOTIER 05600', '0450401007', 'ACU', 5),
(53, 'Brouzais', 'Fatima', '95 rue de Poligny BOURG-EN-BRESSE 01000', '0481057435', 'GEN', 1),
(54, 'Guimauve', 'Jérome', '39 rue Commandant Hériot BANCIGNY 02140', '0315759754', 'GEN', 2),
(55, 'Guimauve', 'Ines', '90 rue Pernod ROCHEBRUNE 05190', '0444572962', 'ALL', 5),
(56, 'Scipion', 'Jérémie', '45 rue des Chantereines FLOING 08200', '0333621591', 'GEN', 8),
(57, 'Chevalier', 'Anne-Marie', '48 rue du 14 juillet BRIANCON 05100', '0478777229', 'GEN', 5),
(58, 'Heroudy', 'Armelle', '88 rue des Argonautes DOMMARTIN 01380', '0482500579', 'GEN', 1),
(59, 'El Nazaoui', 'Anselme', '18 rue de du général Scott BOURG-EN-BRESSE 01000', '0428387190', 'GER', 1),
(60, 'Frequin', 'Aude', '98 rue Hector Berlioz BOULIGNEUX 01330', '0460116931', 'GEN', 1),
(61, 'Razaoui', 'Camille', '43 rue de la poste ASTON 09310', '0554877193', 'GEN', 9),
(62, 'Nahraoui', 'Bernard', '69 rue Debussy AX-LES-THERMES 09110', '0592618819', 'PSY', 9),
(63, 'Chakraoui', 'Johnny', '27 rue Victor Hugo MONTCEAUX 01090', '0410938634', 'PSY', 1),
(64, 'Lopes', 'Aude', '40 rue Mellarmé SAINT-FIRMIN 05800', '0434328795', 'PSY', 5),
(65, 'Charmieux', 'Anne-Lucie', '80 rue Victor Hugo LAVAL-MORENCY 08150', '0354570788', 'GEN', 8),
(66, 'De Vivian', 'Alice', '48 rue des perles blanches QUATRE-CHAMPS 08400', '0351022549', 'GEN', 8),
(67, 'Astoria', 'Bénédicte', '44 rue des Pigeons SAINT-LAURENT-SUR-SAONE 01750', '0453817641', 'INF', 1),
(68, 'Di Ferdinand', 'Précilia', '65 rue St Denis ASTON 09310', '0574385413', 'INF', 9),
(69, 'Charlequin', 'Andrée', '86 rue des Pigeons AX-LES-THERMES 09110', '0512919575', 'CHC', 9),
(70, 'Merlieux', 'Bertrand', '87 rue du 14 juillet BARZY-SUR-MARNE 02850', '0389988201', 'ALL', 2),
(71, 'El Hamouti', 'Jérome', '40 rue Bonaparte MAYOT 02800', '0380247692', 'CHC', 2),
(72, 'Pionneer', 'Victor', '91 rue Malraux MEZIERES-SUR-OISE 02240', '0396223586', 'PSY', 2),
(73, 'Pistache', 'Victor', '86 rue du capitaine Fraquasse SAVINES-LE-LAC 05160', '0424098074', 'PSY', 5),
(74, 'Charmieux', 'Bertrand', '44 rue du capitaine Fraquasse MONTIGNY-SUR-MEUSE 08170', '0365814281', 'PSY', 8),
(75, 'Jarrinovski', 'Adrien', '47 rue Commandant Hériot AUDRESSEIN 09800', '0561293920', 'GEN', 9),
(76, 'Chermis', 'Irénée', '42 rue des Epines SAINT-LAURENT-SUR-SAONE 01750', '0432573377', 'GEN', 1),
(77, 'Pizoulais', 'Amélie', '95 rue Anatole France HERBEUVAL 08370', '0395342234', 'GEN', 8),
(78, 'Gullit', 'Jordan', '18 rue Blainville AVANCON 05230', '0410805260', 'CHC', 5),
(79, 'Zomar', 'Anne-Laure', '49 rue des Princes OYONNAX 01100', '0495914341', 'CHR', 1),
(80, 'Di Natale', 'Ingrid', '90 rue des Lilas BELLOC 09600', '0550136460', 'CHR', 9),
(81, 'Prouteau', 'Yoan', '2 rue Beaudelaire FALAISE 08400', '0349609708', 'PSY', 8),
(82, 'Zebitoun', 'Jules', '61 rue Petit SORBIERS 05150', '0453597713', 'ANG', 5),
(83, 'Gaudillot', 'Jérome', '12 rue Agniel ABBECOURT 02300', '0336592352', 'PSY', 2),
(84, 'Pionneer', 'Bernard', '46 rue des Néfliers ARROUT 09800', '0593876907', 'GEN', 9),
(85, 'Aznavourian', 'Anne-Jeanne', '94 rue de la Tour AUBENTON 02500', '0315358087', 'GEN', 2),
(86, 'Zingaro', 'John', '13 rue de la recette MONT-LAURENT 08130', '0324815927', 'INF', 8),
(87, 'Thardieux', 'Aurélien', '34 rue Alphonse Daudet MONTCY-NOTRE-DAME 08090', '0388838695', 'ALL', 8),
(88, 'Zingaro', 'Anne-Marie', '50 rue Commandant Mouchotte BARENTON-SUR-SERRE 02270', '0380767789', 'INF', 2),
(89, 'El Nazaoui', 'Marie', '36 rue de la rose BOULIGNEUX 01330', '0459841705', 'HOM', 1),
(90, 'El Amoudi', 'Bertrand', '80 rue Beaudelaire FLOING 08200', '0370254981', 'HOM', 8),
(91, 'Mingelle', 'Austine', '37 rue Agniel BILLIAT 01200', '0498702952', 'PSY', 1),
(92, 'Zingaro', 'Aline', '85 rue des Cavaux AUBENTON 02500', '0320874526', 'ACU', 2),
(93, 'Zebitoun', 'Béatrice', '98 rue Perdue AUDRESSEIN 09800', '0550107365', 'PSY', 9),
(94, 'Charles', 'Fernand', '21 rue Blainville ABBECOURT 02300', '0379546875', 'GEN', 2),
(95, 'Brouzais', 'Anne-Lucie', '47 rue des Anses bleues BARENTON-SUR-SERRE 02270', '0357798474', 'GEN', 2),
(96, 'Bridel', 'Julienne', '89 rue du stade VAUX-CHAMPAGNE 08130', '0321409034', 'GEN', 8),
(97, 'Sursarshill', 'Alain', '21 rue des pyramides MONTCY-NOTRE-DAME 08090', '0355126171', 'PSY', 8),
(98, 'Radesky', 'André', '70 rue de la rose THIN-LE-MOUTIER 08460', '0383574338', 'PSY', 8),
(99, 'Fortin', 'Anne-Lucie', '28 rue du Mont AX-LES-THERMES 09110', '0525425981', 'INF', 9),
(100, 'Roland', 'Jérémie', '83 rue de la pointe MONTCY-NOTRE-DAME 08090', '0344175754', 'INF', 8),
(101, 'Zola', 'Alizée', '23 rue des Néfliers BARZY-SUR-MARNE 02850', '0318063658', 'CHC', 2),
(102, 'Lafricain', 'Béatrice', '75 rue de la poste SIGOYER 05130', '0499728475', 'ALL', 5),
(103, 'Shavert', 'Jimmy', '57 rue du 14 juillet BEDEILLE 09230', '0579403405', 'URG', 9),
(104, 'Labuze', 'Martin', '77 rue Edouard Hériot PELVOUX 05340', '0465821962', 'GEN', 5),
(105, 'Charminet', 'Astine', '77 rue des Chantereines SIGOYER 05130', '0443207794', 'URG', 5),
(106, 'Francis', 'Julien', '75 rue des Epines EVIGNY 08090', '0353124513', 'GEN', 8),
(107, 'Lièvremont', 'Anne-Lucie', '64 rue des Pigeons BEAUMONT-EN-BEINE 02300', '0357357391', 'CHR', 2),
(108, 'Martinet', 'Fernand', '21 rue Commandant Hériot ARROUT 09800', '0533982064', 'ALL', 9),
(109, 'Pletziglass', 'Aurélien', '13 rue Debussy AUGIREIN 09800', '0550671849', 'GEN', 9),
(110, 'Raminski', 'Hector', '54 rue des Chantereines BEAUMONT-EN-BEINE 02300', '0397960460', 'MAS', 2),
(111, 'Di Conota', 'Bénédicte', '7 rue de Paris BOURG-EN-BRESSE 01000', '0483574560', 'GEN', 1),
(112, 'Kopa', 'Aristote', '35 rue des Argonautes FEPIN 08170', '0321622783', 'ACU', 8),
(113, 'Framier', 'Anémone', '66 rue Blainville ARROUT 09800', '0561274309', 'CHR', 9),
(114, 'De Vivian', 'Hamed', '96 rue de la Tour SAINT-CREPIN 05600', '0466381035', 'GEN', 5),
(115, 'Rastuffe', 'Précilia', '45 rue des Chantereines MONTIGNY-SUR-MEUSE 08170', '0319515228', 'GEN', 8),
(116, 'Epriniche', 'Ines', '54 rue de la Tour AUGIREIN 09800', '0522353355', 'INF', 9),
(117, 'Newmann', 'Alizée', '32 rue des gatinnes SAINT-SAUVEUR 05200', '0479723538', 'INF', 5),
(118, 'Nazaoui', 'Reissa', '36 rue Malraux FLEVILLE 08250', '0389034128', 'PSY', 8),
(119, 'Protonne', 'Anne-Sophie', '27 rue Anatole France LAUNOIS-SUR-VENCE 08430', '0319617909', 'ANG', 8),
(120, 'Rastuffe', 'Hamed', '44 rue de la Pergolat AGUILCOURT 02190', '0391017673', 'PSY', 2),
(121, 'Politzer', 'Alain', '97 rue des Anges SAINT-LAURENT-SUR-SAONE 01750', '0420673509', 'PSY', 1),
(122, 'Margotton', 'Rodolphe', '5 rue de la pointe AUGIREIN 09800', '0568080361', 'ALL', 9),
(123, 'Kravatte', 'Andrée', '26 rue des Argonautes BELLEY 01300', '0417979762', 'ALL', 1),
(124, 'Kobel', 'Hamed', '52 rue des Argonautes BILLIAT 01200', '0434883323', 'GEN', 1),
(125, 'Vispendieu', 'Mohammed', '33 rue Bonaparte VAUX-CHAMPAGNE 08130', '0388412366', 'GEN', 8),
(126, 'Billahian', 'Patricia', '86 rue de la poste ASTON 09310', '0544573807', 'GEN', 9),
(127, 'Lopez', 'Aurélien', '51 rue Debussy SAINT-FIRMIN 05800', '0429493464', 'INF', 5),
(128, 'Shavert', 'Firmin', '69 rue de Paris MEZIERES-SUR-OISE 02240', '0327148898', 'INF', 2),
(129, 'Nahraoui', 'Robert', '18 rue des Pigeons MAYOT 02800', '0350756815', 'PSY', 2),
(130, 'Chamonix', 'Patrick', '35 rue des Cyprés MEZIERES-SUR-OISE 02240', '0375111486', 'HOM', 2),
(131, 'Charlequin', 'Catherine', '67 rue des Pigeons NEUVILLE-LES-DAMES 01400', '0445004508', 'HOM', 1),
(132, 'Prestor', 'Aude', '68 rue des Epines BAGERT 09230', '0511378600', 'ALL', 9),
(133, 'Fressinet', 'François', '38 rue Agniel PELVOUX 05340', '0466704922', 'GEN', 5),
(134, 'Charmis', 'Habib', '96 rue de Marigny SAINTE-MARIE 05150', '0472203933', 'PSY', 5),
(135, 'Aznavourian', 'Annie', '98 rue des Argonautes FRESSANCOURT 02800', '0324461914', 'HOM', 2),
(136, 'Fortin', 'Julienne', '59 rue des gatinnes BARZY-SUR-MARNE 02850', '0311581103', 'CHC', 2),
(137, 'Kopa', 'Alain', '48 rue des Epines VAUX-CHAMPAGNE 08130', '0353929274', 'CHC', 8),
(138, 'Merlieux', 'Aristote', '42 rue Edouard Hériot BAGERT 09230', '0597457423', 'CHC', 9),
(139, 'Pionneer', 'Catherine', '53 rue des hirondelles SAINT-FIRMIN 05800', '0473864972', 'CHC', 5),
(140, 'Prestor', 'Fatima', '7 rue Alphonse Daudet ASTON 09310', '0573029393', 'HOM', 9),
(141, 'Durhum', 'Fernand', '64 rue des Artistes AX-LES-THERMES 09110', '0580503787', 'GEN', 9),
(142, 'CHeroudy', 'Anne-Lucie', '17 rue Pernod DOMMARTIN 01380', '0454076144', 'URG', 1),
(143, 'Milliet', 'Anne', '39 rue des Anges SAVINES-LE-LAC 05160', '0460795137', 'GEN', 5),
(144, 'Framier', 'Alice', '32 rue des pyramides BEAUMONT-EN-BEINE 02300', '0315894255', 'URG', 2),
(145, 'Scipillon', 'Armelle', '44 rue Perdue ABBECOURT 02300', '0346616676', 'GEN', 2),
(146, 'De Mestre', 'Anne-Ange', '67 rue de la pointe SAINT-LAURENT-SUR-SAONE 01750', '0479957609', 'GEN', 1),
(147, 'CHeroudy', 'André', '9 rue Mallarmé AUBENTON 02500', '0342830645', 'ACU', 2),
(148, 'Zerbib', 'Aurèle', '54 rue du stade NEUVILLE-LES-DAMES 01400', '0470983399', 'URG', 1),
(149, 'Sabatier', 'Jimmy', '8 rue Albert Camus MONTCY-NOTRE-DAME 08090', '0339328684', 'GEN', 8),
(150, 'Mariveaux', 'Anaelle', '53 rue St Denis BELLOC 09600', '0575252091', 'GEN', 9),
(151, 'Hallouche', 'Armelle', '79 rue Beaudelaire BAGERT 09230', '0574702561', 'GEN', 9),
(152, 'Sadot', 'Catherine', '81 rue des Cyprés SIGOYER 05130', '0431018220', 'CHC', 5),
(153, 'Politzer', 'Julien', '33 rue des Cyprés BAGERT 09230', '0590592425', 'CHR', 9),
(154, 'Charlequin', 'Adelphe', '7 rue de la poste OYONNAX 01100', '0463473029', 'URG', 1),
(155, 'Restiffe', 'Hypolite', '62 rue Malraux BOURG-EN-BRESSE 01000', '0459994942', 'CHC', 1),
(156, 'Zebitoun', 'Martin', '4 rue des perles blanches FLOING 08200', '0377624408', 'URG', 8),
(157, 'Bridel', 'Aristote', '13 rue des Argonautes ABBECOURT 02300', '0334073561', 'URG', 2),
(158, 'Hansbern', 'Roby', '16 rue Hector Berlioz MACHAULT 08310', '0327990795', 'GEN', 8),
(159, 'Ricardo', 'Austine', '86 rue Pernod SAINT-ANDRE-DE-ROSANS 05150', '0475430562', 'GEN', 5),
(160, 'Charles', 'François', '75 rue Anatole France AX-LES-THERMES 09110', '0527300069', 'GEN', 9),
(161, 'Pionneer', 'Aurèle', '77 rue des perles blanches BANCIGNY 02140', '0336207616', 'GEN', 2),
(162, 'Rachock', 'Carole', '62 rue de la pointe BRIANCON 05100', '0494704120', 'ALL', 5),
(163, 'Mistigry', 'Charles-Edouard', '96 rue des Pigeons MONTCY-NOTRE-DAME 08090', '0351941479', 'GEN', 8),
(164, 'Chesnikov', 'Hamed', '88 rue des Armées BELLEY 01300', '0425303459', 'PSY', 1),
(165, 'Mariveaux', 'Amélie', '8 rue de la gare AX-LES-THERMES 09110', '0543024681', 'PSY', 9),
(166, 'Aznavourian', 'Yoan', '67 rue des Anges SAINT-SAUVEUR 05200', '0444643838', 'PSY', 5),
(167, 'Shavert', 'Victor', '31 rue des Anges BUZAN 09800', '0531789114', 'PSY', 9),
(168, 'Hanzle', 'Julien', '30 rue des Argonautes ATTILLY 02490', '0381097843', 'ACU', 2),
(169, 'Frazier', 'Astine', '63 rue du stade AX-LES-THERMES 09110', '0589774185', 'INF', 9),
(170, 'Kérouanne', 'Johnny', '63 rue du 14 juillet AX-LES-THERMES 09110', '0559787089', 'GEN', 9),
(171, 'Chastidien', 'Anaelle', '72 rue de Paris CHALLES 01450', '0436897781', 'MAS', 1),
(172, 'Alprousky', 'Habib', '42 rue des Ormes BILLIAT 01200', '0461405456', 'URG', 1),
(173, 'Zebitoun', 'Johnny', '62 rue du général de Gaulle BOURG-EN-BRESSE 01000', '0479899509', 'OST', 1),
(174, 'Billahian', 'Anne-Jeanne', '9 rue Pasteur SAINT-FIRMIN 05800', '0412854347', 'GEN', 5),
(175, 'Braquette', 'Françoise', '36 rue des Ormes SAINT-CREPIN 05600', '0470969763', 'GEN', 5),
(176, 'Ben Harfa', 'Annie', '6 rue des Armées ASTON 09310', '0561398750', 'INF', 9),
(177, 'Epoka', 'Alizée', '60 rue Edouard Hériot ASTON 09310', '0529196402', 'INF', 9),
(178, 'Farahoui', 'Victor', '68 rue de la Pergolat BEDEILLE 09230', '0510798563', 'CHC', 9),
(179, 'Scipillon', 'Amiel', '48 rue Alphonse Daudet FLOING 08200', '0367188526', 'MAS', 8),
(180, 'Alprousky', 'Serge', '13 rue des Epines BETTANT 01500', '0415842763', 'CHR', 1),
(181, 'Heroudy', 'Anne-Lucie', '91 rue Lampion HOUDILCOURT 08190', '0360919149', 'GEN', 8),
(182, 'Scott', 'Firmin', '79 rue Commandant Mouchotte SAVINES-LE-LAC 05160', '0454186158', 'OST', 5),
(183, 'Jalouve', 'Jules', '41 rue Louis Aragon SAINT-LAURENT-SUR-SAONE 01750', '0470580820', 'GEN', 1),
(184, 'Yanshen', 'Irénée', '25 rue Lampion BLYES 01150', '0462212615', 'CHC', 1),
(185, 'Camus', 'Anne-Marie', '21 rue de la Pergolat AX-LES-THERMES 09110', '0552002239', 'CHC', 9),
(186, 'Pastor', 'Ines', '81 rue du 14 juillet BELLOC 09600', '0579065527', 'CHR', 9),
(187, 'Chastidien', 'Aurèle', '82 rue des Anges MEZIERES-SUR-OISE 02240', '0372146119', 'PSY', 2),
(188, 'Yanshen', 'Ingrid', '2 rue de la rose BARZY-SUR-MARNE 02850', '0374513763', 'MAS', 2),
(189, 'Froudette', 'Prosper', '34 rue Louis Aragon ARROUT 09800', '0570233041', 'ALL', 9),
(190, 'De Ronsart', 'Hamed', '54 rue Louis Aragon MACHAULT 08310', '0361841793', 'PSY', 8),
(191, 'GrosPierre', 'Yoan', '69 rue des Accacias BEAUMONT-EN-BEINE 02300', '0364444471', 'ANG', 2),
(192, 'Chamois', 'Serge', '57 rue du capitaine Crochet MONTCY-NOTRE-DAME 08090', '0348000197', 'MAS', 8),
(193, 'Lirevien', 'Patrice', '64 rue Albert Camus SAINT-LAURENT-SUR-SAONE 01750', '0427960246', 'GEN', 1),
(194, 'Egrouzais', 'Aristote', '5 rue des Cyprés AZY-SUR-MARNE 02400', '0352734097', 'GEN', 2),
(195, 'Frazier', 'Astine', '40 rue Louis Aragon MONTCY-NOTRE-DAME 08090', '0335541135', 'GEN', 8),
(196, 'Di Ferdinand', 'Anémone', '85 rue Hector Berlioz BEZAC 09100', '0538796488', 'GEN', 9),
(197, 'Mérieux', 'Anselme', '79 rue des Cavaux CHABESTAN 05400', '0478991381', 'MAS', 5),
(198, 'El Hamouti', 'Gilles', '88 rue Alphonse Daudet BELLOC 09600', '0591522693', 'PSY', 9),
(199, 'Mistigry', 'Austine', '72 rue des Ormes MESSINCOURT 08110', '0368355399', 'GER', 8),
(200, 'Klébert', 'Aurèle', '53 rue Hector Berlioz FALAISE 08400', '0325150351', 'PSY', 8),
(201, 'GrosJean', 'Nohan', '58 rue du 14 juillet AUBENTON 02500', '0380869429', 'GEN', 2),
(202, 'Roland', 'Jimmy', '41 rue du Mont FRESSANCOURT 02800', '0333010728', 'HOM', 2),
(203, 'Rétin', 'Gilles', '26 rue du capitaine Fraquasse YONCQ 08210', '0355888480', 'GEN', 8),
(204, 'Shavert', 'Jules', '95 rue des gatinnes EVIGNY 08090', '0321047751', 'URG', 8),
(205, 'Fortin', 'Adrien', '37 rue de la rose BARENTON-SUR-SERRE 02270', '0333061059', 'GEN', 2),
(206, 'Radot', 'Astine', '29 rue Louis Aragon FLEVILLE 08250', '0337878739', 'URG', 8),
(207, 'Camus', 'Ingrid', '95 rue du caféAX-LES-THERMES 09110', '0538253531', 'ALL', 9),
(208, 'Gueret', 'Julie', '70 rue du Mont BILLIAT 01200', '0434858369', 'URG', 1),
(209, 'Hemdaoui', 'Jules', '87 rue des hirondelles FLOING 08200', '0366452640', 'MAS', 8),
(210, 'Fortin', 'sabine', '70 rue des Ormes LAVAL-MORENCY 08150', '0313786191', 'GEN', 8),
(211, 'De Vivian', 'Anne-Sophie', '72 rue de Paris AMBRIEF 02200', '0396888350', 'GEN', 2),
(212, 'Fermontin', 'Julienne', '95 rue de du général Scott SAINT-FIRMIN 05800', '0499781511', 'GEN', 5),
(213, 'Lièvremont', 'Prosper', '40 rue du stade CHEZY-SUR-MARNE 02570', '0370552277', 'MAS', 2),
(214, 'Sursarshill', 'François', '21 rue des oiseaux AUBENTON 02500', '0347608567', 'ALL', 2),
(215, 'Di Lazio', 'Béatrice', '91 rue de Paris BARENTON-SUR-SERRE 02270', '0332630528', 'PSY', 2),
(216, 'Egrouzais', 'Alice', '14 rue de la Tour PELVOUX 05340', '0497349269', 'CHC', 5),
(217, 'De Roulède', 'Hypolite', '4 rue Petit AX-LES-THERMES 09110', '0592259965', 'URG', 9),
(218, 'Bridel', 'Dominique', '17 rue Victor Hugo NEUVILLE-LES-DAMES 01400', '0436894892', 'GEN', 1),
(219, 'Fortin', 'Précilia', '46 rue Perdue MONT-LAURENT 08130', '0357123782', 'ALL', 8),
(220, 'Frequin', 'Patrice', '37 rue des perles blanches AUGIREIN 09800', '0514467307', 'GEN', 9),
(221, 'De Ronsart', 'Catherine', '18 rue de la Pergolat CHABESTAN 05400', '0433787136', 'GEN', 5),
(222, 'Chemkaou', 'Anne-Jeanne', '61 rue Malraux SAVINES-LE-LAC 05160', '0425403948', 'INF', 5),
(223, 'Francis', 'Martial', '39 rue des Pigeons FRESSANCOURT 02800', '0376405689', 'INF', 2),
(224, 'Hanscart', 'Ines', '36 rue du général de Gaulle AX-LES-THERMES 09110', '0571237673', 'GEN', 9),
(225, 'Doineau', 'Fatima', '27 rue des Ormes BARENTON-SUR-SERRE 02270', '0369886219', 'GEN', 2),
(226, 'Zerbib', 'Cristophe', '35 rue Commandant Mouchotte CHEZY-SUR-MARNE 02570', '0399128847', 'GEN', 2),
(227, 'Harshill', 'Charles-Edouard', '69 rue de Paris BRIANCON 05100', '0486522042', 'ACU', 5),
(228, 'Chamois', 'Alice', '64 rue de Paris SORBIERS 05150', '0498218342', 'ANG', 5),
(229, 'Kobel', 'Johnny', '4 rue des Lilas BELLOC 09600', '0583708661', 'INF', 9),
(230, 'Gullit', 'Marie', '27 rue du stade NEUVILLE-LES-DAMES 01400', '0440602180', 'PSY', 1),
(231, 'Format', 'Patrice', '25 rue des Néfliers AGUILCOURT 02190', '0313705112', 'PSY', 2),
(232, 'Mérieux', 'Roby', '74 rue de Marigny JUNIVILLE 08310', '0370618394', 'PSY', 8),
(233, 'Krevette', 'François', '40 rue Commandant Mouchotte BOURG-EN-BRESSE 01000', '0466232870', 'ANG', 1),
(234, 'Chastidien', 'Anne-Lucie', '28 rue de la mairie MONCEAU-SUR-OISE 02120', '0337880516', 'GEN', 2),
(235, 'Prouteau', 'Marie', '65 rue des Accacias MEZIERES-SUR-OISE 02240', '0347429128', 'GEN', 2),
(236, 'Radosky', 'Irénée', '66 rue Victor Hugo ASTON 09310', '0545396012', 'HOM', 9),
(237, 'Cassolette', 'Aurèle', '78 rue du 14 juillet NEUVILLE-LES-DAMES 01400', '0436441368', 'PSY', 1),
(238, 'Armouche', 'Jimmy', '31 rue des Cavaux BOURG-EN-BRESSE 01000', '0489010528', 'GEN', 1),
(239, 'Nasri', 'Jordan', '56 rue du Mont BRIANCON 05100', '0497686569', 'INF', 5),
(240, 'Hanzle', 'Andrew', '5 rue des Pigeons ATTILLY 02490', '0317928011', 'INF', 2),
(241, 'Capliez', 'Andrée', '9 rue de Paris CAMON 09500', '0575615612', 'INF', 9),
(242, 'Béronze ', 'Aurélien', '34 rue des perles blanches HERBEUVAL 08370', '0354324365', 'GEN', 8),
(243, 'Chamois', 'Caline', '90 rue des Pigeons BETTANT 01500', '0441422871', 'GEN', 1),
(244, 'Hemdaoui', 'Bertrand', '88 rue du caféCAMON 09500', '0519717031', 'GEN', 9),
(245, 'Magellan', 'Anne-Lucie', '31 rue St Denis AVANCON 05230', '0476620839', 'GEN', 5),
(246, 'Di Ferdinand', 'Anne-Marie', '32 rue Petit BOULIGNEUX 01330', '0429892782', 'GEN', 1),
(247, 'Sibaton', 'Anne', '96 rue des pyramides SAINT-FIRMIN 05800', '0430056957', 'GEN', 5),
(248, 'Frédrick', 'Jordan', '71 rue Lampion ROCHEBRUNE 05190', '0422193913', 'GEN', 5),
(249, 'Falahoui', 'Hector', '39 rue des Chantereines SAINT-CREPIN 05600', '0427945468', 'INF', 5),
(250, 'Mistigry', 'Patrice', '35 rue de la gare DOMMARTIN 01380', '0412349269', 'GEN', 1),
(251, 'Scotbel', 'Austine', '1 rue Perdue BANCIGNY 02140', '0362784487', 'GEN', 2),
(252, 'Sidot', 'Nohan', '87 rue de la mairie ORCIERES 05170', '0492790588', 'GEN', 5),
(253, 'Framzaoui', 'Adrien', '6 rue St Denis NEUVILLE-LES-DAMES 01400', '0463805846', 'URG', 1),
(254, 'Nazaoui', 'Aurélien', '24 rue Anatole France FALAISE 08400', '0394184441', 'ALL', 8),
(255, 'Hanzert', 'Anne-Sophie', '78 rue du caféBELLOC 09600', '0565131061', 'GEN', 9),
(256, 'Harviche', 'Précilia', '17 rue de Paris BARZY-SUR-MARNE 02850', '0373800189', 'CHC', 2),
(257, 'Farmin', 'Béatrice', '65 rue des Cyprés ASTON 09310', '0556222808', 'CHC', 9),
(258, 'Oulianov', 'Alain', '12 rue des oiseaux BEAUMONT-EN-BEINE 02300', '0336437836', 'GEN', 2),
(259, 'Framier', 'Jérémy', '13 rue Louis Aragon ARROUT 09800', '0579019785', 'GER', 9),
(260, 'Aznavourian', 'Alice', '42 rue des hirondelles SAINT-LAURENT-SUR-SAONE 01750', '0418404333', 'GEN', 1),
(261, 'Faouzi', 'Serge', '54 rue Debussy AUDRESSEIN 09800', '0589986579', 'URG', 9),
(262, 'Rodriguez', 'Bertrand', '16 rue de la Tour MONTIGNY-SUR-MEUSE 08170', '0362958231', 'GEN', 8),
(263, 'Radronck', 'Alizée', '85 rue Alphonse Daudet SAINT-SAUVEUR 05200', '0469350553', 'GEN', 5),
(264, 'Sibroton', 'Irénée', '54 rue de Marigny PELVOUX 05340', '0413512651', 'GEN', 5),
(265, 'Billahian', 'Bertrand', '66 rue du capitaine Crochet BILLIAT 01200', '0430273395', 'ALL', 1),
(266, 'Frequin', 'Reissa', '92 rue des Epines BOURG-EN-BRESSE 01000', '0462567494', 'GEN', 1),
(267, 'GrosPierre', 'Anne-Lucie', '58 rue des Anges FRESSANCOURT 02800', '0397948858', 'GER', 2),
(268, 'Chermis', 'Alain', '13 rue Albert Camus BAGERT 09230', '0561056383', 'URG', 9),
(269, 'Jankelevitch', 'Rodolphe', '4 rue Bonaparte NEUVILLE-LES-DAMES 01400', '0499930510', 'ALL', 1),
(270, 'Hutch', 'Dominique', '31 rue Pernod MESSINCOURT 08110', '0354437353', 'HOM', 8),
(271, 'Jalouve', 'Amélie', '73 rue des Epines AGUILCOURT 02190', '0393504917', 'GEN', 2),
(272, 'Hanscart', 'Aude', '43 rue des Pigeons FALAISE 08400', '0395808887', 'MAS', 8),
(273, 'Di Conota', 'Julie', '76 rue des Armées CAMON 09500', '0558376134', 'ALL', 9),
(274, 'Loulianov', 'Jérémie', '71 rue de Poligny SAVINES-LE-LAC 05160', '0490614401', 'GEN', 5),
(275, 'Falahoui', 'Annie', '95 rue des hirondelles AGUILCOURT 02190', '0334620315', 'ALL', 2),
(276, 'Rachock', 'Hypolite', '96 rue Commandant Mouchotte BOULIGNEUX 01330', '0445325841', 'GEN', 1),
(277, 'Billahian', 'Aline', '9 rue des Epines OYONNAX 01100', '0463729220', 'INF', 1),
(278, 'Fournil', 'Martin', '93 rue de la Tour BELLEY 01300', '0459132484', 'PSY', 1),
(279, 'Thardieux', 'Hamed', '8 rue Louis Aragon FRESSANCOURT 02800', '0311170881', 'GER', 2),
(280, 'Perronet', 'François', '90 rue de la mairie AX-LES-THERMES 09110', '0553374090', 'PSY', 9),
(281, 'Bridel', 'Aurèle', '92 rue St Denis SORBIERS 05150', '0481537923', 'INF', 5),
(282, 'Frequin', 'Bernard', '71 rue du caféMESSINCOURT 08110', '0366706848', 'GEN', 8),
(283, 'Nazaoui', 'Julien', '58 rue de Paris CEYZERIAT 01250', '0411229599', 'MAS', 1),
(284, 'El Nazaoui', 'Gilles', '66 rue de du général Scott ARROUT 09800', '0590561289', 'MAS', 9),
(285, 'Anglomert', 'Astine', '18 rue des gatinnes SAINT-LAURENT-SUR-SAONE 01750', '0426146482', 'GEN', 1),
(286, 'Mistigry', 'Patrice', '12 rue Victor Hugo EVIGNY 08090', '0311209603', 'GEN', 8),
(287, 'Hanzert', 'Ingrid', '74 rue des hirondelles AX-LES-THERMES 09110', '0542828199', 'GEN', 9),
(288, 'Radocky', 'Aurélien', '38 rue Debussy BILLIAT 01200', '0439490126', 'INF', 1),
(289, 'Hanscart', 'Yoan', '40 rue de la recette MONCEAU-SUR-OISE 02120', '0333274282', 'OST', 2),
(290, 'Scott', 'Adelphe', '93 rue Alphonse Daudet OYONNAX 01100', '0457686776', 'INF', 1),
(291, 'Chamonix', 'Adrien', '82 rue Agniel JUNIVILLE 08310', '0352053332', 'ALL', 8),
(292, 'Farahoui', 'Caline', '82 rue St Denis ASTON 09310', '0593546818', 'GEN', 9),
(293, 'Ben Harfa', 'Rodolphe', '68 rue des Argonautes MONCEAU-SUR-OISE 02120', '0381648585', 'GEN', 2),
(294, 'Roland', 'Patricia', '6 rue de la gare BILLIAT 01200', '0474405770', 'GER', 1),
(295, 'Kan', 'Robert', '40 rue des pyramides SAINT-FIRMIN 05800', '0482621556', 'GER', 5),
(296, 'Charlequin', 'Fatima', '7 rue du renard BUZAN 09800', '0560148975', 'GER', 9),
(297, 'Cerpico', 'Carole', '77 rue Anatole France MESSINCOURT 08110', '0361849887', 'GEN', 8),
(298, 'Hourin', 'Jordan', '20 rue de la recette SAINT-ANDRE-DE-ROSANS 05150', '0432143599', 'ANG', 5),
(299, 'De Ligne', 'Patrice', '10 rue du capitaine Crochet CHALLES 01450', '0479473742', 'ALL', 1),
(300, 'Durieux', 'Astine', '98 rue du renard BLYES 01150', '0447475896', 'PSY', 1),
(301, 'Chermis', 'Anselme', '78 rue de la mairie OYONNAX 01100', '0465535519', 'GEN', 1),
(302, 'Bazoline', 'Aurèle', '63 rue de la gare CHABESTAN 05400', '0434955199', 'MAS', 5),
(303, 'Serbouny', 'Jérome', '27 rue des Chantereines BARZY-SUR-MARNE 02850', '0328609452', 'GEN', 2),
(304, 'Fortin', 'Victor', '70 rue de la Pergolat ABBECOURT 02300', '0397808656', 'GEN', 2),
(305, 'Hemdaoui', 'Anne-Laure', '58 rue du général de Gaulle FALAISE 08400', '0381506423', 'GEN', 8),
(306, 'CHeroudy', 'Hector', '41 rue Malraux SIGOYER 05130', '0447077417', 'GEN', 5),
(307, 'Harviche', 'Anne-Jeanne', '12 rue Louis Aragon THIN-LE-MOUTIER 08460', '0351239489', 'PSY', 8),
(308, 'Raminsky', 'Anne-Lucie', '16 rue Blainville SAVINES-LE-LAC 05160', '0474386707', 'INF', 5),
(309, 'Sursarshill', 'Jérémy', '53 rue de la pointe AUGIREIN 09800', '0517209857', 'CHC', 9),
(310, 'Shavert', 'Anne', '70 rue de la rose ABBECOURT 02300', '0315174364', 'CHC', 2),
(311, 'Kan', 'Armelle', '27 rue Blainville SIGOYER 05130', '0487157453', 'CHR', 5),
(312, 'Cherioux', 'Camille', '90 rue du caféPELVOUX 05340', '0462682764', 'PSY', 5),
(313, 'Jankelevitch', 'Anaelle', '73 rue des Cavaux FEPIN 08170', '0347605928', 'GEN', 8),
(314, 'Di Conota', 'Carole', '82 rue Blainville BILLIAT 01200', '0489580183', 'GEN', 1),
(315, 'Bredequin', 'Rosalie', '66 rue des Princes SORBIERS 05150', '0447973887', 'MAS', 5),
(316, 'Mariveaux', 'Fatima', '38 rue Hector Berlioz SORBIERS 05150', '0489828043', 'GEN', 5),
(317, 'Fugasse', 'Anne-Jeanne', '60 rue Victor Hugo NEUVILLE-LES-DAMES 01400', '0466135862', 'GEN', 1),
(318, 'Nahraoui', 'Hypolite', '26 rue Alphonse Daudet BETTANT 01500', '0496740768', 'MAS', 1),
(319, 'Chemkaoui', 'Sophie', '37 rue Alphonse Daudet AX-LES-THERMES 09110', '0550507761', 'GEN', 9),
(320, 'Nazaoui', 'Anne-Laure', '96 rue du capitaine Fraquasse AUBENTON 02500', '0332042330', 'GER', 2),
(321, 'Cassin', 'Caline', '84 rue des Néfliers SAINT-ANDRE-DE-ROSANS 05150', '0441770926', 'PSY', 5),
(322, 'Pololsky', 'Amiel', '11 rue Commandant Hériot ARROUT 09800', '0530054025', 'GER', 9),
(323, 'Gueret', 'Adelphe', '1 rue des Princes SIGOYER 05130', '0446366196', 'PSY', 5),
(324, 'Doineau', 'Alain', '76 rue Commandant Mouchotte AX-LES-THERMES 09110', '0510808813', 'PSY', 9),
(325, 'Rosty', 'Gilles', '64 rue Commandant Hériot ARANDAS 01230', '0466707367', 'GEN', 1),
(326, 'Fortin', 'Fernand', '66 rue du 14 juillet OYONNAX 01100', '0446432036', 'GEN', 1),
(327, 'Vipère', 'Andrée', '76 rue des Cavaux SORBIERS 05150', '0433833354', 'CHC', 5),
(328, 'Fournil', 'Robert', '67 rue du capitaine Crochet FRESSANCOURT 02800', '0396745829', 'CHR', 2),
(329, 'Merlieux', 'Charles', '81 rue MALLarmé BEAUMONT-EN-BEINE 02300', '0318112146', 'GEN', 2),
(330, 'Doineau', 'Jérémie', '49 rue de la Pergolat REOTIER 05600', '0452299934', 'ACU', 5),
(331, 'Prouteau', 'sabine', '73 rue Agniel FEPIN 08170', '0340871558', 'GEN', 8),
(332, 'Braquette', 'Patrice', '26 rue du renard OYONNAX 01100', '0499920026', 'GEN', 1),
(333, 'Frequin', 'Jules', '21 rue Pasteur SORBIERS 05150', '0497153129', 'CHR', 5),
(334, 'Froudette', 'Alizée', '69 rue de la Pergolat BELLEY 01300', '0485963418', 'URG', 1),
(335, 'Yansen', 'Armelle', '16 rue des Anses bleues VAUX-CHAMPAGNE 08130', '0334124353', 'PSY', 8),
(336, 'Charminet', 'Hector', '73 rue du général de Gaulle AUDRESSEIN 09800', '0593896893', 'PSY', 9),
(337, 'Hourin', 'Aristote', '78 rue des Argonautes AUGIREIN 09800', '0560183642', 'GEN', 9),
(338, 'Khan', 'Anne-Jeanne', '20 rue Commandant Hériot BEAUMONT-EN-BEINE 02300', '0335062492', 'GEN', 2),
(339, 'Aznavourian', 'Anne-Jeanne', '38 rue Louis Aragon SAINTE-MARIE 05150', '0413931222', 'GEN', 5),
(340, 'Jankelevitch', 'Jordan', '96 rue Bonaparte SAINTE-MARIE 05150', '0419574602', 'GEN', 5),
(341, 'Brouzais', 'Cristophe', '65 rue de la recette HERBEUVAL 08370', '0353219537', 'PSY', 8),
(342, 'Yanshen', 'Bénédicte', '2 rue des Armées FALAISE 08400', '0392106994', 'PSY', 8),
(343, 'Margot', 'sabine', '66 rue des Epines HOUDILCOURT 08190', '0396081849', 'GER', 8),
(344, 'Frazier', 'Serge', '6 rue du stade NEUVILLE-LES-DAMES 01400', '0441736702', 'GEN', 1),
(345, 'Rachock', 'Adelphe', '26 rue des Pigeons FEPIN 08170', '0383040737', 'GER', 8),
(346, 'Framzaoui', 'Julienne', '89 rue Pasteur ASTON 09310', '0558895500', 'GEN', 9),
(347, 'Braquette', 'Austine', '96 rue St Denis BRIANCON 05100', '0442356662', 'GEN', 5),
(348, 'Rétin', 'Anne-Marie', '88 rue du capitaine Fraquasse FLOING 08200', '0337248343', 'PSY', 8),
(349, 'Raminski', 'Austine', '86 rue des Lilas BAGERT 09230', '0564227642', 'INF', 9),
(350, 'Chesnikov', 'Aristote', '13 rue des Néfliers ARROUT 09800', '0578693214', 'GEN', 9),
(351, 'Fortin', 'Reissa', '56 rue du Mont THIN-LE-MOUTIER 08460', '0379320791', 'GEN', 8),
(352, 'Lirevien', 'sabine', '96 rue du général de Gaulle BELLOC 09600', '0517690862', 'GEN', 9),
(353, 'Vispendieu', 'Marie', '62 rue Hector Berlioz SAVOURNON 05700', '0443661423', 'ACU', 5),
(354, 'De Ronsart', 'Irénée', '68 rue de la pointe BARENTON-SUR-SERRE 02270', '0313123217', 'INF', 2),
(355, 'Arditi', 'Adrien', '2 rue des hirondelles HAUTEVILLE 02120', '0385350100', 'MAS', 2),
(356, 'Farmin', 'Caline', '13 rue du Mont SAINT-FIRMIN 05800', '0439120333', 'INF', 5),
(357, 'Zomar', 'Camille', '38 rue des Chantereines MAYOT 02800', '0390403626', 'GER', 2),
(358, 'Scotland', 'Ingrid', '73 rue des gatinnes SAINT-ANDRE-DE-ROSANS 05150', '0455695337', 'INF', 5),
(359, 'Zola', 'Jordan', '47 rue de Paris ROCHEBRUNE 05190', '0488575731', 'URG', 5),
(360, 'Favriellé', 'Andrew', '40 rue Anatole France LAUNOIS-SUR-VENCE 08430', '0395797173', 'OST', 8),
(361, 'Chamonix', 'Aline', '27 rue des ANGes SAINT-FIRMIN 05800', '0454426212', 'GEN', 5),
(362, 'Bazoline', 'Aurèle', '87 rue de Poligny SAINT-ANDRE-DE-ROSANS 05150', '0437604768', 'GEN', 5),
(363, 'Hemdaoui', 'Carole', '17 rue Debussy AVANCON 05230', '0435416748', 'GEN', 5),
(364, 'Shavert', 'Adelphe', '74 rue des Néfliers AUBENTON 02500', '0369486130', 'GEN', 2),
(365, 'Froudette', 'Irénée', '85 rue du capitaine Crochet JOIGNY-SUR-MEUSE 08700', '0397935550', 'OST', 8),
(366, 'Lopez', 'Aurélien', '92 rue des oiseaux SAVOURNON 05700', '0452076802', 'INF', 5),
(367, 'Scotland', 'John', '74 rue des oiseaux BILLIAT 01200', '0463193696', 'INF', 1),
(368, 'Format', 'Jules', '84 rue du stade OYONNAX 01100', '0430814652', 'GER', 1),
(369, 'Hourin', 'Robert', '46 rue des Accacias OYONNAX 01100', '0456783280', 'INF', 1),
(370, 'Hatiche', 'Carole', '18 rue de la Tour NEUVILLE-LES-DAMES 01400', '0411713298', 'PSY', 1),
(371, 'Faure', 'Firmin', '73 rue du Mont ARROUT 09800', '0532011995', 'MAS', 9),
(372, 'Doineau', 'Amélie', '79 rue Lampion SAINT-LAURENT-SUR-SAONE 01750', '0499820900', 'PSY', 1),
(373, 'Froudette', 'Patrice', '14 rue des Lilas CHEZY-SUR-MARNE 02570', '0310790961', 'PSY', 2),
(374, 'Scott', 'Martial', '32 rue de la mairie JOIGNY-SUR-MEUSE 08700', '0351863890', 'GEN', 8),
(375, 'Astoria', 'John', '81 rue Edouard Hériot MAYOT 02800', '0361434057', 'GEN', 2),
(376, 'De Roulède', 'Prosper', '99 rue des Pigeons SIGOYER 05130', '0420048322', 'URG', 5),
(377, 'Hanscart', 'Camille', '88 rue des oiseaux JUNIVILLE 08310', '0370063871', 'GEN', 8),
(378, 'Scipillon', 'Adrien', '21 rue de la rose AX-LES-THERMES 09110', '0513336137', 'GER', 9),
(379, 'Gaudillot', 'Victor', '86 rue des Armées DOMMARTIN 01380', '0447458241', 'GEN', 1),
(380, 'Radot', 'Bertrand', '91 rue de la rose FEPIN 08170', '0398107919', 'PSY', 8),
(381, 'Gueret', 'Serge', '58 rue Pernod MONCEAU-SUR-OISE 02120', '0322992429', 'INF', 2),
(382, 'Bazoline', 'Julienne', '93 rue des Néfliers MONCEAU-SUR-OISE 02120', '0348940958', 'URG', 2),
(383, 'Radosky', 'Caline', '8 rue des Anges FEPIN 08170', '0364882312', 'GEN', 8),
(384, 'Hemdaoui', 'Françoise', '76 rue de Marigny CAMON 09500', '0522112610', 'OST', 9),
(385, 'Mérieux', 'Françoise', '3 rue des Anges AUBENTON 02500', '0397776971', 'MAS', 2),
(386, 'Epoka', 'Serge', '92 rue de Paris THIN-LE-MOUTIER 08460', '0365834913', 'ACU', 8),
(387, 'Shavert', 'Prosper', '24 rue de du général Scott BRIANCON 05100', '0493163850', 'GER', 5),
(388, 'Fourmiret', 'Dominique', '4 rue Hector Berlioz AX-LES-THERMES 09110', '0585018637', 'GEN', 9),
(389, 'Hatiche', 'Adrien', '30 rue Agniel SAINT-FIRMIN 05800', '0483927775', 'GEN', 5),
(390, 'Fortin', 'Adelphe', '4 rue des Pigeons BARZY-SUR-MARNE 02850', '0391947902', 'GEN', 2),
(391, 'Gullit', 'sabine', '9 rue du Mont BRIANCON 05100', '0423613710', 'GEN', 5),
(392, 'Vipère', 'Anne-Lucie', '81 rue des Lilas ABBECOURT 02300', '0357752522', 'HOM', 2),
(393, 'Epriniche', 'Aurèle', '78 rue du renard SAINT-LAURENT-SUR-SAONE 01750', '0499152521', 'URG', 1),
(394, 'Doineau', 'Julienne', '16 rue de la gare BELLOC 09600', '0567014080', 'GEN', 9),
(395, 'Nazaoui', 'Aurélien', '41 rue des Anses bleues ASTON 09310', '0528108863', 'OST', 9),
(396, 'Shouchen', 'François', '52 rue des Epines ATTILLY 02490', '0395338199', 'CHC', 2),
(397, 'Di Conota', 'Bénédicte', '88 rue du renard ORCIERES 05170', '0452809250', 'GEN', 5),
(398, 'Epriniche', 'Vénus', '84 rue des Armées MONTIGNY-SUR-MEUSE 08170', '0332562475', 'GEN', 8),
(399, 'Fortin', 'Camille', '20 rue Anatole France MACHAULT 08310', '0394066862', 'CHC', 8),
(400, 'Nazaoui', 'Carole', '90 rue Bonaparte OYONNAX 01100', '0446953066', 'CHC', 1),
(401, 'Chemkaoui', 'Cristophe', '22 rue Perdue AX-LES-THERMES 09110', '0533152140', 'CHR', 9),
(402, 'Sérénice', 'Anne-Laure', '73 rue Agniel BOURG-EN-BRESSE 01000', '0434367086', 'CHR', 1),
(403, 'Merlieux', 'Martial', '61 rue des Cavaux SAINT-LAURENT-SUR-SAONE 01750', '0460367150', 'CHR', 1),
(404, 'Certifat', 'Aurélien', '44 rue des Epines OYONNAX 01100', '0439758191', 'CHR', 1),
(405, 'Azria', 'Aude', '98 rue des Accacias SIGOYER 05130', '0497650512', 'OST', 5),
(406, 'Durhum', 'sabine', '61 rue de la Pergolat AUDRESSEIN 09800', '0566668732', 'ACU', 9),
(407, 'Rachock', 'Jules', '45 rue du capitaine Crochet EVIGNY 08090', '0351073860', 'CHC', 8),
(408, 'Shouchen', 'Rodolphe', '89 rue des oiseaux BOURG-EN-BRESSE 01000', '0436599230', 'URG', 1),
(409, 'Béronze ', 'Habib', '97 rue Pernod AZY-SUR-MARNE 02400', '0380003737', 'ACU', 2),
(410, 'Merlieux', 'Bernard', '81 rue des Epines SAINT-CREPIN 05600', '0477707175', 'GEN', 5),
(411, '''Chrome', 'Habib', '83 rue Malraux ABBECOURT 02300', '0310290366', 'GEN', 2),
(412, 'Zebitoun', 'Mohammed', '70 rue du 14 juillet MONT-LAURENT 08130', '0398765209', 'GEN', 8),
(413, 'Cassan', 'François', '71 rue du 14 juillet SAINT-SAUVEUR 05200', '0418376454', 'ACU', 5),
(414, 'Bouglieux', 'Rodolphe', '99 rue Alphonse Daudet YONCQ 08210', '0367093394', 'GEN', 8),
(415, 'Anglomert', 'Catherine', '4 rue des Armées AUBENTON 02500', '0368054817', 'GEN', 2),
(416, 'Format', 'Bernard', '64 rue Commandant Hériot TRAVECY 02800', '0315061114', 'URG', 2),
(417, 'Chemkaou', 'Armelle', '79 rue des Epines EVIGNY 08090', '0334511766', 'PSY', 8),
(418, 'Arvis', 'Julie', '13 rue de la pointe ASTON 09310', '0518564010', 'PSY', 9),
(419, 'Charmieux', 'Dominique', '62 rue Malraux AUGIREIN 09800', '0585303807', 'GER', 9),
(420, 'El Amoudi', 'Charles', '71 rue Anatole France CAMON 09500', '0569559189', 'GEN', 9),
(421, 'Scotbel', 'Cristophe', '85 rue des Argonautes AZY-SUR-MARNE 02400', '0316188975', 'HOM', 2),
(422, 'Charles', 'Dominique', '21 rue des Artistes BELLEY 01300', '0428818011', 'OST', 1),
(423, 'Harshill', 'Précilia', '82 rue Victor Hugo LAVAL-MORENCY 08150', '0391802125', 'GEN', 8),
(424, 'Fermat', 'André', '87 rue Anatole France YONCQ 08210', '0311956610', 'GEN', 8),
(425, 'Chastidien', 'Fernand', '37 rue du général de Gaulle AUGIREIN 09800', '0517286774', 'GEN', 9),
(426, 'Ségura', 'Hamed', '72 rue des hirondelles AGUILCOURT 02190', '0334618532', 'GEN', 2),
(427, 'Berzinne', 'Hector', '20 rue du capitaine Fraquasse BELLEY 01300', '0447089672', 'ANG', 1),
(428, 'Chamois', 'Patricia', '9 rue des gatinnes CHALLES 01450', '0489226737', 'GEN', 1),
(429, 'Yoggi', 'Aline', '12 rue des Anges BRIANCON 05100', '0498699637', 'GEN', 5),
(430, 'Cassolette', 'Austine', '37 rue des Armées SIGOYER 05130', '0485539010', 'GEN', 5),
(431, 'Epoka', 'Hypolite', '33 rue de Paris TRAVECY 02800', '0319460470', 'GEN', 2),
(432, 'Scotland', 'Fernand', '80 rue du Mont BAGERT 09230', '0570483785', 'GEN', 9),
(433, 'Festina', 'Anne-Sophie', '18 rue de la recette FLOING 08200', '0335293346', 'ALL', 8),
(434, 'Chamonix', 'Bénédicte', '71 rue des pyramides MONT-LAURENT 08130', '0364431472', 'PSY', 8),
(435, 'Radot', 'John', '35 rue du caféATTILLY 02490', '0384830087', 'PSY', 2),
(436, 'Nazaoui', 'Patrick', '97 rue du général de Gaulle AUBENTON 02500', '0378805449', 'PSY', 2),
(437, 'Béronzelle ', 'Alice', '3 rue des Lilas ABBECOURT 02300', '0338216554', 'GER', 2),
(438, 'Khan', 'Jérome', '67 rue Perdue BEDEILLE 09230', '0527487962', 'URG', 9),
(439, 'Liorehen', 'Anne-Jeanne', '91 rue Albert Camus SAINT-CREPIN 05600', '0464885309', 'GEN', 5),
(440, 'Azoulais', 'Robert', '73 rue Pasteur BOURG-EN-BRESSE 01000', '0451252312', 'MAS', 1),
(441, 'Bazoline', 'Marie', '51 rue Victor Hugo JOIGNY-SUR-MEUSE 08700', '0328058400', 'GEN', 8),
(442, 'Billahian', 'Bénédicte', '37 rue du caféSAINT-CREPIN 05600', '0472480246', 'URG', 5),
(443, 'Bazile', 'Hypolite', '97 rue Malraux SAINTE-MARIE 05150', '0471019122', 'URG', 5),
(444, 'Razaoui', 'Anne-Marie', '21 rue Blainville MESSINCOURT 08110', '0315472355', 'URG', 8),
(445, 'Zola', 'Fatima', '32 rue des Armées MEZIERES-SUR-OISE 02240', '0335733742', 'URG', 2),
(446, 'Harshill', 'sabine', '52 rue des Pigeons PELVOUX 05340', '0424219942', 'GER', 5),
(447, 'Braquette', 'Vénus', '96 rue des Chantereines FRESSANCOURT 02800', '0359036944', 'PSY', 2),
(448, 'Hatiche', 'Victor', '96 rue de Paris BETTANT 01500', '0478464491', 'GEN', 1),
(449, 'Pletziglass', 'Aurèle', '34 rue des oiseaux NEUVILLE-LES-DAMES 01400', '0437142230', 'GEN', 1),
(450, 'Béronzelle ', 'Reissa', '89 rue des Pigeons PELVOUX 05340', '0414138297', 'GER', 5),
(451, 'Ben Harfa', 'Camille', '5 rue des Anges BUZAN 09800', '0550828415', 'GEN', 9),
(452, 'Alprousky', 'Marie', '58 rue Victor Hugo BOULIGNEUX 01330', '0432323455', 'GEN', 1),
(453, 'Ferdinand', 'Camille', '89 rue Beaudelaire AUBENTON 02500', '0341803965', 'PSY', 2),
(454, 'De Roulède', 'Fatima', '59 rue Bonaparte EVIGNY 08090', '0326409640', 'PSY', 8),
(455, 'Sérénice', 'Anne-Jeanne', '10 rue du capitaine Fraquasse MESSINCOURT 08110', '0315685825', 'GEN', 8),
(456, 'De Vivian', 'Alice', '94 rue des Cyprés SAINT-FIRMIN 05800', '0492845898', 'GEN', 5),
(457, 'Casson', 'Aline', '83 rue des Cavaux CHALLES 01450', '0477868457', 'GEN', 1),
(458, 'Doineau', 'Françoise', '3 rue des gatinnes FRESSANCOURT 02800', '0310422807', 'PSY', 2),
(459, 'Pistache', 'Béatrice', '86 rue des Accacias MONTIGNY-SUR-MEUSE 08170', '0351114264', 'INF', 8),
(460, 'Bridel', 'Marie', '17 rue des Accacias JOIGNY-SUR-MEUSE 08700', '0354449959', 'GEN', 8),
(461, 'Cassin', 'Alain', '61 rue de du général Scott QUATRE-CHAMPS 08400', '0395171820', 'GEN', 8),
(462, 'Di Conota', 'Alain', '10 rue Alphonse Daudet AGUILCOURT 02190', '0378125914', 'GER', 2),
(463, 'Habrielle', 'Aude', '73 rue du caféSORBIERS 05150', '0415973212', 'GEN', 5),
(464, 'Azoulais', 'Aurélien', '5 rue des pyramides SAVINES-LE-LAC 05160', '0417672103', 'INF', 5),
(465, 'Gaudillot', 'Amiel', '44 rue Victor Hugo SIGOYER 05130', '0470456938', 'INF', 5),
(466, 'De Vivian', 'Aude', '45 rue des Lilas FLOING 08200', '0347310971', 'INF', 8),
(467, 'Charminet', 'Catherine', '88 rue Alphonse Daudet ARROUT 09800', '0578689528', 'INF', 9),
(468, 'Fugasse', 'Alain', '57 rue Petit SAINT-LAURENT-SUR-SAONE 01750', '0448765649', 'CHC', 1),
(469, 'Zitoune', 'Fatima', '47 rue Lampion OYONNAX 01100', '0460692244', 'OST', 1),
(470, 'Certifat', 'Anaelle', '12 rue Albert Camus AX-LES-THERMES 09110', '0569661155', 'CHC', 9),
(471, 'Hutch', 'Julie', '3 rue de la pointe SAINT-CREPIN 05600', '0435145304', 'CHC', 5),
(472, 'Hanscart', 'Alizée', '91 rue Blainville OYONNAX 01100', '0424443942', 'CHC', 1),
(473, 'Chesnikov', 'Anselme', '58 rue Victor Hugo LAVAL-MORENCY 08150', '0387649400', 'GEN', 8),
(474, 'Nazaoui', 'Rodolphe', '57 rue des Epines AZY-SUR-MARNE 02400', '0397983251', 'GEN', 2),
(475, 'Harviche', 'Aristote', '2 rue de Poligny FALAISE 08400', '0379304135', 'ANG', 8),
(476, 'Klébert', 'Anne-Marie', '73 rue du capitaine Crochet CHALLES 01450', '0459580046', 'GEN', 1),
(477, 'Frequin', 'Rosalie', '88 rue Hector Berlioz SAINT-LAURENT-SUR-SAONE 01750', '0460756612', 'GEN', 1),
(478, 'Charminet', 'Julienne', '54 rue du 14 juillet BEAUMONT-EN-BEINE 02300', '0357974621', 'GEN', 2),
(479, 'Di Conota', 'Bernard', '28 rue des perles blanches MONT-LAURENT 08130', '0350608229', 'CHC', 8),
(480, 'Yanshen', 'Ingrid', '14 rue de Paris MONTCEAUX 01090', '0490462674', 'PSY', 1),
(481, 'Sadot', 'Alice', '84 rue Albert Camus BLYES 01150', '0486949300', 'PSY', 1),
(482, 'Chastidien', 'Reissa', '71 rue des Cavaux FLOING 08200', '0371858489', 'PSY', 8),
(483, 'Vispendieu', 'Anselme', '67 rue Bonaparte MESSINCOURT 08110', '0353311714', 'CHR', 8),
(484, 'Roland', 'Aristote', '67 rue du renard BUZAN 09800', '0550911167', 'GEN', 9),
(485, 'Bazile', 'Jules', '50 rue des Cyprés BARENTON-SUR-SERRE 02270', '0377237270', 'GEN', 2),
(486, 'Thardieux', 'François', '98 rue du stade MACHAULT 08310', '0371879519', 'OST', 8),
(487, 'Magellan', 'Patricia', '8 rue des Pigeons CHEZY-SUR-MARNE 02570', '0360797082', 'OST', 2),
(488, 'Radesky', 'Reissa', '33 rue Beaudelaire BAGERT 09230', '0551753977', 'GEN', 9),
(489, 'Braquette', 'Rosalie', '3 rue des Cavaux AMBRIEF 02200', '0325834365', 'GER', 2),
(490, 'Rodriguez', 'Irénée', '16 rue Bonaparte AVANCON 05230', '0429279003', 'HOM', 5),
(491, 'Raminsky', 'Armelle', '24 rue des Néfliers QUATRE-CHAMPS 08400', '0371872007', 'OST', 8),
(492, 'Ricardo', 'Serge', '30 rue Albert Camus ARROUT 09800', '0563717429', 'GEN', 9),
(493, 'Kobel', 'Bénédicte', '29 rue Victor Hugo AUDRESSEIN 09800', '0525469712', 'GER', 9),
(494, 'Razaoui', 'Marie', '15 rue de Paris AUBENTON 02500', '0396696281', 'CHR', 2),
(495, 'Armouche', 'Charles-Edouard', '12 rue St Denis MONTCEAUX 01090', '0492465629', 'CHR', 1),
(496, 'Ségura', 'Victor', '12 rue des Anses bleues SAVINES-LE-LAC 05160', '0417736200', 'CHR', 5),
(497, 'Fylbouni', 'Johnny', '35 rue du stade ASTON 09310', '0575380150', 'PSY', 9),
(498, 'Chakraoui', 'Cristophe', '86 rue du caféORCIERES 05170', '0488800978', 'PSY', 5),
(499, 'Fermontin', 'Julien', '38 rue Anatole France AUBENTON 02500', '0318610565', 'PSY', 2),
(500, 'Frequin', 'François', '32 rue du Mont REOTIER 05600', '0425989993', 'GEN', 5),
(501, 'Sérénice', 'Anaelle', '74 rue de la gare FLEVILLE 08250', '0325218232', 'GEN', 8),
(502, 'Kan', 'Anselme', '86 rue Victor Hugo MESSINCOURT 08110', '0381133645', 'GER', 8),
(503, 'Fort', 'Cristophe', '86 rue Pasteur NEUVILLE-LES-DAMES 01400', '0432667697', 'GEN', 1),
(504, 'Chemkaou', 'sabine', '75 rue des Pigeons BEAUMONT-EN-BEINE 02300', '0376547227', 'PSY', 2),
(505, 'Sibroton', 'Précilia', '66 rue Malraux BUZAN 09800', '0513300693', 'URG', 9),
(506, '''Chrome', 'Catherine', '27 rue de la Pergolat MONTCEAUX 01090', '0421383743', 'ALL', 1),
(507, 'Di Ferdinand', 'Alice', '37 rue de Paris CHEZY-SUR-MARNE 02570', '0356410090', 'ANG', 2),
(508, 'Gullit', 'Habib', '71 rue Bonaparte AGUILCOURT 02190', '0350823331', 'OBS', 2),
(509, 'Mérieux', 'Alain', '77 rue des Accacias BRIANCON 05100', '0498867503', 'GER', 5),
(510, 'Aznavourian', 'Patricia', '3 rue de la Tour BILLIAT 01200', '0428025797', 'OBS', 1),
(511, 'Ricardo', 'Austine', '44 rue des Néfliers CHEZY-SUR-MARNE 02570', '0363569859', 'OBS', 2),
(512, 'Aznavourian', 'André', '30 rue Hector Berlioz SAINT-FIRMIN 05800', '0444332279', 'MAS', 5),
(513, 'Casson', 'Johnny', '36 rue Blainville AUBENTON 02500', '0395155855', 'PSY', 2),
(514, 'Razaoui', 'Aurèle', '10 rue du général de Gaulle ARROUT 09800', '0554301843', 'GEN', 9),
(515, 'Krevette', 'Alizée', '35 rue des Pigeons MONT-LAURENT 08130', '0340963504', 'GEN', 8),
(516, 'Di Conota', 'Fatima', '16 rue Commandant Hériot BANCIGNY 02140', '0334753913', 'GEN', 2),
(517, 'Hemdaoui', 'Adrien', '2 rue Commandant Hériot MONCEAU-SUR-OISE 02120', '0352372278', 'MAS', 2),
(518, 'El Amoudi', 'Andrew', '26 rue des pyramides BOULIGNEUX 01330', '0469707196', 'GEN', 1),
(519, 'Di Conota', 'Anémone', '9 rue des Epines BLYES 01150', '0440301616', 'GEN', 1),
(520, 'Bonieck', 'Cristophe', '69 rue de la recette DOMMARTIN 01380', '0495802726', 'GEN', 1),
(521, 'Falmino', 'Jules', '24 rue Perdue THIN-LE-MOUTIER 08460', '0328900829', 'GEN', 8),
(522, 'Castro', 'Aurélien', '66 rue des Anges BOULIGNEUX 01330', '0417563891', 'GEN', 1),
(523, 'Charles', 'François', '1 rue Blainville HAUTEVILLE 02120', '0317885243', 'GEN', 2),
(524, 'Lirevien', 'Irénée', '64 rue des perles blanches QUATRE-CHAMPS 08400', '0316251329', 'ALL', 8),
(525, 'Prestor', 'Camille', '20 rue du stade AZY-SUR-MARNE 02400', '0339478573', 'GEN', 2),
(526, 'Scipillon', 'Adelphe', '51 rue des gatinnes BRIANCON 05100', '0412521015', 'MAS', 5),
(527, 'Charmieux', 'Andrew', '14 rue Hector Berlioz BRIANCON 05100', '0448191946', 'GER', 5),
(528, 'Rachock', 'Mohammed', '47 rue Pernod YONCQ 08210', '0371193497', 'GEN', 8),
(529, 'Hanzert', 'Aurèle', '68 rue des Chantereines BUZAN 09800', '0563311027', 'OST', 9),
(530, 'Oberlieux', 'Patricia', '72 rue des pyramides ARROUT 09800', '0551116863', 'GEN', 9),
(531, 'GrosPierre', 'Aude', '35 rue de Poligny CHABESTAN 05400', '0454617092', 'PSY', 5),
(532, 'Aznavourian', 'Jérémy', '10 rue Malraux FALAISE 08400', '0355875878', 'PSY', 8),
(533, 'Politzer', 'Jérémy', '12 rue des Anges SAINT-LAURENT-SUR-SAONE 01750', '0476010116', 'GER', 1),
(534, 'Faure', 'Alain', '86 rue de Marigny AUDRESSEIN 09800', '0584761714', 'INF', 9),
(535, 'Radot', 'Sophie', '54 rue des Epines SAINTE-MARIE 05150', '0447268257', 'GEN', 5),
(536, 'Habrielle', 'Marie', '44 rue Malraux DOMMARTIN 01380', '0420664795', 'GEN', 1),
(537, 'CHeroudy', 'Anaelle', '65 rue des Accacias BILLIAT 01200', '0463159777', 'GEN', 1),
(538, 'Fortin', 'Julien', '26 rue Pernod AUDRESSEIN 09800', '0564023565', 'GEN', 9),
(539, 'Casson', 'Jules', '5 rue Albert Camus BAGERT 09230', '0553330696', 'GEN', 9),
(540, 'Jamgotchian', 'Aristote', '71 rue Petit OYONNAX 01100', '0459707313', 'URG', 1),
(541, 'Framzaoui', 'Fernand', '59 rue des Cavaux YONCQ 08210', '0370679861', 'GEN', 8),
(542, 'Hansbern', 'Anselme', '89 rue de la rose THIN-LE-MOUTIER 08460', '0329785730', 'ANG', 8),
(543, 'De Ligne', 'Firmin', '36 rue Blainville MAYOT 02800', '0335413346', 'GEN', 2),
(544, 'Fortin', 'Hypolite', '77 rue de Paris OYONNAX 01100', '0445547469', 'GEN', 1),
(545, 'Di Conota', 'Cristophe', '24 rue de la Pergolat THIN-LE-MOUTIER 08460', '0394637980', 'ANG', 8);
INSERT INTO `medecin` (`id`, `nom`, `prenom`, `adresse`, `tel`, `idSpecialite`, `departement`) VALUES
(546, 'Fortin', 'Habib', '28 rue des Chantereines FEPIN 08170', '0370382521', 'INF', 8),
(547, 'Bazoline', 'Amiel', '14 rue Petit AUBENTON 02500', '0324206273', 'INF', 2),
(548, 'Fermontin', 'Béatrice', '34 rue de la rose AVANCON 05230', '0441382007', 'INF', 5),
(549, 'Chamonix', 'Béatrice', '98 rue du capitaine Crochet AX-LES-THERMES 09110', '0583031525', 'INF', 9),
(550, 'Hatiche', 'Béatrice', '7 rue Hector Berlioz FRESSANCOURT 02800', '0368437171', 'CHC', 2),
(551, 'Magellan', 'Fernand', '91 rue Pernod DOMMARTIN 01380', '0417334765', 'ACU', 1),
(552, 'Newmann', 'Anselme', '82 rue St Denis BOURG-EN-BRESSE 01000', '0467462959', 'MAS', 1),
(553, 'Radronck', 'Jérémie', '80 rue Beaudelaire HOUDILCOURT 08190', '0391017675', 'CHC', 8),
(554, 'Ben Harfa', 'Fatima', '88 rue du général de Gaulle DOMMARTIN 01380', '0436582548', 'URG', 1),
(555, 'Shavert', 'Marie', '65 rue Edouard Hériot ABBECOURT 02300', '0316457802', 'HOM', 2),
(556, 'Chakraoui', 'Amiel', '75 rue des Accacias MAYOT 02800', '0348266841', 'CHC', 2),
(557, 'Harshill', 'Anne-Lucie', '89 rue de la Pergolat SIGOYER 05130', '0423854231', 'CHC', 5),
(558, 'Aznavourian', 'Patrice', '38 rue Pasteur AVANCON 05230', '0433495288', 'MAS', 5),
(559, 'Cassolette', 'Victor', '3 rue des Chantereines AMBRIEF 02200', '0313285058', 'MAS', 2),
(560, 'Jaoulle', 'John', '99 rue du capitaine Fraquasse MAYOT 02800', '0325788039', 'URG', 2),
(561, 'Palminin', 'Anne', '59 rue des Pigeons CEYZERIAT 01250', '0414968284', 'CHR', 1),
(562, 'Aznavourian', 'Aurèle', '48 rue Anatole France SIGOYER 05130', '0498986897', 'CHR', 5),
(563, 'Gueret', 'Firmin', '2 rue de la Tour AZY-SUR-MARNE 02400', '0334984702', 'CHR', 2),
(564, 'De Mestre', 'Ingrid', '74 rue des Pigeons BELLOC 09600', '0575501098', 'CHR', 9),
(565, 'Zelniky', 'Prosper', '53 rue de Paris BARENTON-SUR-SERRE 02270', '0390633950', 'URG', 2),
(566, 'El Hamouti', 'Anne-Lucie', '19 rue du renard FRESSANCOURT 02800', '0380522884', 'GEN', 2),
(567, 'Ben Harfa', 'Aline', '76 rue Louis Aragon BOULIGNEUX 01330', '0458483440', 'URG', 1),
(568, 'Lirevien', 'Serge', '79 rue Petit BUZAN 09800', '0597720760', 'ANG', 9),
(569, 'Sadot', 'Carole', '87 rue de Paris YONCQ 08210', '0386136458', 'GEN', 8),
(570, 'Ambert', 'Aristote', '89 rue du stade BOURG-EN-BRESSE 01000', '0495804047', 'GEN', 1),
(571, 'Zelniky', 'Annie', '81 rue de Poligny ORCIERES 05170', '0484719957', 'GEN', 5),
(572, 'Lopes', 'Marie', '89 rue Debussy VAUX-CHAMPAGNE 08130', '0398454558', 'ACU', 8),
(573, 'Charmieux', 'Vénus', '19 rue Bonaparte AUDRESSEIN 09800', '0576161788', 'ACU', 9),
(574, 'Durhum', 'Irénée', '16 rue de Paris OYONNAX 01100', '0438645340', 'GEN', 1),
(575, '''Chrome', 'Jérémie', '61 rue Hector Berlioz CHABESTAN 05400', '0488168776', 'OST', 5),
(576, 'Nahraoui', 'Aurèle', '64 rue des Epines NEUVILLE-LES-DAMES 01400', '0498004744', 'GEN', 1),
(577, 'Restiffe', 'Fatima', '21 rue des Chantereines LAVAL-MORENCY 08150', '0397521639', 'GEN', 8),
(578, 'El Amoudi', 'André', '35 rue Lampion BOURG-EN-BRESSE 01000', '0473219689', 'GEN', 1),
(579, 'Loulianov', 'Marie', '17 rue des Accacias LAUNOIS-SUR-VENCE 08430', '0369193051', 'GEN', 8),
(580, 'Zelniky', 'Astine', '94 rue Malraux HAUTEVILLE 02120', '0335672541', 'GEN', 2),
(581, 'Klébert', 'Patricia', '75 rue du général de Gaulle FALAISE 08400', '0359521971', 'GEN', 8),
(582, 'Ferdinand', 'Charles', '40 rue de la mairie JOIGNY-SUR-MEUSE 08700', '0395476454', 'GEN', 8),
(583, 'Anglomert', 'Anne-Laure', '75 rue Victor Hugo MONTCY-NOTRE-DAME 08090', '0333999479', 'GEN', 8),
(584, 'Yansen', 'Alizée', '51 rue Agniel YONCQ 08210', '0352293505', 'GEN', 8),
(585, 'Capliez', 'Françoise', '9 rue Malraux SAINT-ANDRE-DE-ROSANS 05150', '0433874591', 'GEN', 5),
(586, 'Chemkaoui', 'Anne-Marie', '90 rue du caféMAYOT 02800', '0363076320', 'GEN', 2),
(587, 'Certifat', 'Jimmy', '10 rue Hector Berlioz CHABESTAN 05400', '0479570050', 'GEN', 5),
(588, 'Jankelevitch', 'Aurélien', '67 rue des Princes AMBRIEF 02200', '0326868610', 'GEN', 2),
(589, 'Béronzelle ', 'Anaelle', '86 rue du Mont MONTCEAUX 01090', '0432538873', 'URG', 1),
(590, 'Chakraoui', 'François', '23 rue de Paris BARZY-SUR-MARNE 02850', '0338114774', 'GEN', 2),
(591, 'Bazile', 'François', '33 rue Victor Hugo BELLOC 09600', '0587084727', 'GEN', 9),
(592, 'Harviche', 'Catherine', '70 rue Malraux BRIANCON 05100', '0446591175', 'GEN', 5),
(593, 'De Ronsart', 'Amélie', '26 rue des Accacias MONT-LAURENT 08130', '0347054500', 'GER', 8),
(594, 'Braquet', 'Charles', '77 rue des perles blanches BETTANT 01500', '0413532750', 'GER', 1),
(595, 'Breton', 'Adelphe', '96 rue des Argonautes REOTIER 05600', '0488831908', 'INF', 5),
(596, 'Lopes', 'Carole', '83 rue du renard AX-LES-THERMES 09110', '0540901782', 'INF', 9),
(597, 'Labatiste', 'Rodolphe', '33 rue Commandant Mouchotte THIN-LE-MOUTIER 08460', '0324607170', 'INF', 8),
(598, 'El Nazaoui', 'Yoan', '42 rue Anatole France BEZAC 09100', '0597093071', 'ALL', 9),
(599, 'Lopez', 'Firmin', '66 rue Commandant Hériot AX-LES-THERMES 09110', '0560293085', 'INF', 9),
(600, 'Astoria', 'Caline', '54 rue de la pointe SAINT-SAUVEUR 05200', '0476324085', 'URG', 5),
(601, 'Capliez', 'Amélie', '12 rue du capitaine Fraquasse BARZY-SUR-MARNE 02850', '0347886278', 'URG', 2),
(602, 'CHeroudy', 'Nohan', '87 rue du 14 juillet HERBEUVAL 08370', '0350146870', 'URG', 8),
(603, 'Raminsky', 'Yoan', '8 rue de Paris MONCEAU-SUR-OISE 02120', '0358800447', 'GEN', 2),
(604, 'Framier', 'Victor', '26 rue Hector Berlioz ARANDAS 01230', '0426016480', 'GEN', 1),
(605, 'Faure', 'Bertrand', '94 rue des gatinnes MONTCEAUX 01090', '0480493919', 'ANG', 1),
(606, 'Chesnikov', 'Précilia', '56 rue du capitaine Crochet AUDRESSEIN 09800', '0537599041', 'GEN', 9),
(607, 'Lièvremont', 'Astine', '58 rue des perles blanches YONCQ 08210', '0380622197', 'GEN', 8),
(608, 'Ségura', 'Anne-Sophie', '52 rue des Artistes FALAISE 08400', '0352041231', 'GEN', 8),
(609, 'Chevalier', 'Anselme', '85 rue des Pigeons AGUILCOURT 02190', '0387135673', 'GEN', 2),
(610, 'Sursarshill', 'Julie', '97 rue des Lilas OYONNAX 01100', '0493949488', 'CHC', 1),
(611, 'Pletziglass', 'Andrée', '76 rue Alphonse Daudet LAUNOIS-SUR-VENCE 08430', '0355911277', 'INF', 8),
(612, 'De Ronsart', 'Rosalie', '28 rue des Argonautes SAINTE-MARIE 05150', '0470907768', 'HOM', 5),
(613, 'Guimauve', 'Alizée', '78 rue de Marigny HERBEUVAL 08370', '0347904226', 'INF', 8),
(614, 'Sabatier', 'Adelphe', '72 rue Albert Camus SAINT-FIRMIN 05800', '0474088419', 'INF', 5),
(615, 'Chastidien', 'Rodolphe', '59 rue Pasteur ORCIERES 05170', '0464480776', 'PSY', 5),
(616, 'Azria', 'Martin', '14 rue Perdue AUBENTON 02500', '0377909038', 'OST', 2),
(617, 'Roland', 'Marie', '89 rue Pasteur SIGOYER 05130', '0461827483', 'HOM', 5),
(618, 'Liorehen', 'Marie', '51 rue des Epines ABBECOURT 02300', '0326934571', 'GEN', 2),
(619, 'Zidanne', 'Julienne', '3 rue des Artistes BLYES 01150', '0413911989', 'GEN', 1),
(620, 'Homar', 'Amélie', '45 rue des Cavaux ABBECOURT 02300', '0372174885', 'GEN', 2),
(621, 'Rachock', 'Jules', '18 rue Agniel AUBENTON 02500', '0368418443', 'GEN', 2),
(622, 'Froudette', 'Aurèle', '64 rue de Poligny BRIANCON 05100', '0484091392', 'OST', 5),
(623, 'Lopes', 'Bertrand', '68 rue de la gare BOURG-EN-BRESSE 01000', '0416521067', 'GEN', 1),
(624, 'Prestoriat', 'Jimmy', '66 rue de Paris OYONNAX 01100', '0419790693', 'GEN', 1),
(625, 'Fortin', 'Nohan', '55 rue Victor Hugo BANCIGNY 02140', '0350319392', 'HOM', 2),
(626, 'Prouteau', 'Caline', '96 rue Perdue CAMON 09500', '0540178028', 'GEN', 9),
(627, 'Pistache', 'André', '34 rue des Princes ROCHEBRUNE 05190', '0444668151', 'PSY', 5),
(628, 'Politzer', 'Hector', '75 rue des Anses bleues SAINT-LAURENT-SUR-SAONE 01750', '0478936977', 'PSY', 1),
(629, '''Chrome', 'Précilia', '39 rue Petit SAINT-LAURENT-SUR-SAONE 01750', '0456796681', 'OST', 1),
(630, 'Kérouanne', 'Gilles', '11 rue des Pigeons NEUVILLE-LES-DAMES 01400', '0418340885', 'PSY', 1),
(631, 'Durhum', 'Jordan', '53 rue des Anses bleues PELVOUX 05340', '0474792387', 'INF', 5),
(632, 'Thardieux', 'Julien', '76 rue Pasteur PELVOUX 05340', '0439307843', 'INF', 5),
(633, 'Froudette', 'François', '83 rue Petit BRIANCON 05100', '0481669712', 'GEN', 5),
(634, 'Farahoui', 'Firmin', '69 rue de la Tour AUGIREIN 09800', '0561526750', 'GEN', 9),
(635, 'Prouteau', 'Bernard', '50 rue Malraux MONCEAU-SUR-OISE 02120', '0330404637', 'MAS', 2),
(636, 'Doineau', 'Aline', '63 rue du général de Gaulle MONTCY-NOTRE-DAME 08090', '0330296222', 'GEN', 8),
(637, 'Yoggi', 'Anne-Sophie', '28 rue du général de Gaulle BRIANCON 05100', '0466993498', 'GER', 5),
(638, 'Durieux', 'Bernard', '47 rue du général de Gaulle CAMON 09500', '0534440216', 'GEN', 9),
(639, 'Format', 'Anne-Marie', '15 rue des Princes ASTON 09310', '0584747640', 'GEN', 9),
(640, 'Bretonnot', 'Aristote', '27 rue des Cavaux FEPIN 08170', '0333376588', 'ANG', 8),
(641, 'GrosJean', 'John', '41 rue Commandant Mouchotte HAUTEVILLE 02120', '0328740889', 'URG', 2),
(642, 'Ségura', 'Irénée', '42 rue Agniel OYONNAX 01100', '0447938676', 'GEN', 1),
(643, 'Farahoui', 'Martin', '67 rue Agniel NEUVILLE-LES-DAMES 01400', '0412803539', 'URG', 1),
(644, 'Sibroton', 'Rosalie', '15 rue Edouard Hériot ARROUT 09800', '0553692792', 'GEN', 9),
(645, 'Mérieux', 'Gilles', '64 rue du Mont HAUTEVILLE 02120', '0310558221', 'GER', 2),
(646, 'Jaoulle', 'Aude', '25 rue des hirondelles BLYES 01150', '0415240773', 'GEN', 1),
(647, 'Hemdaoui', 'Reissa', '65 rue du général de Gaulle AZY-SUR-MARNE 02400', '0374955418', 'GEN', 2),
(648, 'Oulianov', 'Andrée', '30 rue du 14 juillet AVANCON 05230', '0463468177', 'GEN', 5),
(649, 'Scipion', 'Julien', '47 rue Agniel JOIGNY-SUR-MEUSE 08700', '0334063627', 'OBS', 8),
(650, 'Prestor', 'Reissa', '62 rue de la Tour ROCHEBRUNE 05190', '0480473643', 'OBS', 5),
(651, 'Fourmiret', 'Sophie', '91 rue Petit AUBENTON 02500', '0348745022', 'CHR', 2),
(652, 'Di Conota', 'Patricia', '95 rue Pasteur HERBEUVAL 08370', '0354297793', 'CHR', 8),
(653, 'Oulianov', 'Reissa', '25 rue Perdue AX-LES-THERMES 09110', '0540152929', 'OST', 9),
(654, 'Lopes', 'Armelle', '57 rue des Pigeons SAINT-FIRMIN 05800', '0479849596', 'CHR', 5),
(655, 'Minge', 'Irénée', '83 rue des pyramides FLEVILLE 08250', '0312351408', 'CHC', 8),
(656, 'Kobel', 'Anne-Laure', '58 rue des Argonautes ATTILLY 02490', '0344455589', 'CHR', 2),
(657, '''Chrome', 'Patrick', '28 rue des Cyprés OYONNAX 01100', '0456081235', 'URG', 1),
(658, 'Hutch', 'Ines', '65 rue du caféTRAVECY 02800', '0344024000', 'URG', 2),
(659, 'Scott', 'Julie', '30 rue de du général Scott SAINT-FIRMIN 05800', '0440937400', 'URG', 5),
(660, 'Zingaro', 'Aurélien', '92 rue des Cyprés BEZAC 09100', '0521006225', 'URG', 9),
(661, 'Framaouzy', 'Martial', '41 rue du général de Gaulle AUGIREIN 09800', '0569674646', 'GEN', 9),
(662, 'Bazile', 'Amiel', '6 rue Malraux HAUTEVILLE 02120', '0336447283', 'OST', 2),
(663, 'Thardieux', 'Jérémy', '62 rue Lampion BEZAC 09100', '0526185264', 'GEN', 9),
(664, 'Fylbouni', 'Cristophe', '88 rue du général de Gaulle BOULIGNEUX 01330', '0435544779', 'GEN', 1),
(665, 'Fort', 'Ingrid', '6 rue du 14 juillet DOMMARTIN 01380', '0442048091', 'GEN', 1),
(666, 'CHeroudy', 'Jimmy', '50 rue Anatole France MACHAULT 08310', '0332316186', 'GEN', 8),
(667, 'Di Lazio', 'Aline', '68 rue des Artistes NEUVILLE-LES-DAMES 01400', '0431882334', 'GEN', 1),
(668, 'Yoggi', 'Irénée', '34 rue des Chantereines BEAUMONT-EN-BEINE 02300', '0337016124', 'GEN', 2),
(669, 'Jalouve', 'Gilles', '28 rue du Mont JOIGNY-SUR-MEUSE 08700', '0356982229', 'OST', 8),
(670, 'Martinet', 'Irénée', '33 rue des perles blanches HOUDILCOURT 08190', '0399670344', 'GEN', 8),
(671, 'Kan', 'Habib', '9 rue des gatinnes BEZAC 09100', '0521113468', 'GEN', 9),
(672, 'Chermis', 'Cristophe', '18 rue Edouard Hériot CHALLES 01450', '0428126087', 'INF', 1),
(673, 'Chastidien', 'Aline', '87 rue de la Tour ORCIERES 05170', '0474417618', 'INF', 5),
(674, 'Ricardo', 'Julien', '20 rue des Chantereines SAINT-SAUVEUR 05200', '0430434976', 'INF', 5),
(675, 'Epoka', 'Anselme', '14 rue des Anges REOTIER 05600', '0441999912', 'GEN', 5),
(676, 'Bredequin', 'Anne-Lucie', '47 rue Bonaparte AUGIREIN 09800', '0533497900', 'GEN', 9),
(677, 'Lopez', 'Alizée', '96 rue Albert Camus BAGERT 09230', '0519203974', 'GEN', 9),
(678, 'Doineau', 'Béatrice', '97 rue Lampion TRAVECY 02800', '0350641861', 'GEN', 2),
(679, 'Hemdaoui', 'Serge', '61 rue du caféSAVINES-LE-LAC 05160', '0489512105', 'OST', 5),
(680, 'Chamois', 'Rodolphe', '43 rue des Princes ASTON 09310', '0513212527', 'GEN', 9),
(681, 'Durhum', 'Adelphe', '80 rue des Princes AVANCON 05230', '0446646697', 'INF', 5),
(682, 'Nahraoui', 'Austine', '47 rue Pasteur BEZAC 09100', '0530872724', 'CHC', 9),
(683, 'Klébert', 'Yoan', '55 rue des Cavaux AGUILCOURT 02190', '0324607617', 'URG', 2),
(684, 'Fermontin', 'Gilles', '46 rue du stade MONT-LAURENT 08130', '0387328329', 'MAS', 8),
(685, 'Zola', 'Aude', '98 rue des Cyprés SAINT-CREPIN 05600', '0458369404', 'GEN', 5),
(686, 'Zingaro', 'Cristophe', '82 rue Hector Berlioz ARANDAS 01230', '0425003261', 'GEN', 1),
(687, 'Pionneer', 'Jérémy', '21 rue des Princes MONT-LAURENT 08130', '0322135363', 'ANG', 8),
(688, 'Lièvremont', 'Mohammed', '53 rue Pasteur THIN-LE-MOUTIER 08460', '0389514499', 'URG', 8),
(689, 'Ferdinand', 'Précilia', '38 rue Louis Aragon SAVINES-LE-LAC 05160', '0441180757', 'URG', 5),
(690, 'Charles', 'Françoise', '63 rue des Anges AX-LES-THERMES 09110', '0553742065', 'URG', 9),
(691, 'Festina', 'sabine', '18 rue Lampion MONTCEAUX 01090', '0474843880', 'OST', 1),
(692, 'Jaoulle', 'Julien', '50 rue des Chantereines REOTIER 05600', '0433213809', 'GEN', 5),
(693, 'Epoka', 'Julie', '29 rue de du général Scott SAINT-ANDRE-DE-ROSANS 05150', '0450980762', 'GEN', 5),
(694, 'Radot', 'Roby', '14 rue du caféLAVAL-MORENCY 08150', '0350310027', 'ANG', 8),
(695, '''Chrome', 'Jérémy', '42 rue du capitaine Fraquasse JUNIVILLE 08310', '0361117640', 'GEN', 8),
(696, 'Durhum', 'Anne-Laure', '63 rue Commandant Mouchotte BOURG-EN-BRESSE 01000', '0442277236', 'GEN', 1),
(697, 'Armouche', 'Anaelle', '21 rue des Cavaux CHEZY-SUR-MARNE 02570', '0388675304', 'GEN', 2),
(698, 'Rastidien', 'Hamed', '74 rue Victor Hugo ARROUT 09800', '0541004550', 'GEN', 9),
(699, 'Scipion', 'Béatrice', '54 rue Victor Hugo FRESSANCOURT 02800', '0312941986', 'ALL', 2),
(700, 'Ferdinand', 'Françoise', '98 rue de la Tour MESSINCOURT 08110', '0317883763', 'GER', 8),
(701, 'Thardieux', 'Aristote', '73 rue des Anges BARENTON-SUR-SERRE 02270', '0369353331', 'OBS', 2),
(702, 'Hanzert', 'Johnny', '41 rue Victor Hugo FALAISE 08400', '0393642374', 'OBS', 8),
(703, 'Arvis', 'André', '59 rue de la Pergolat BAGERT 09230', '0570809688', 'OBS', 9),
(704, 'Fourmiret', 'Carole', '49 rue de du général Scott HOUDILCOURT 08190', '0318196859', 'URG', 8),
(705, 'Milliet', 'Armelle', '70 rue du caféLAVAL-MORENCY 08150', '0330805895', 'OST', 8),
(706, 'Kan', 'François', '51 rue des Lilas SAINT-FIRMIN 05800', '0410879788', 'GEN', 5),
(707, 'Dusel', 'Anémone', '66 rue Commandant Mouchotte BRIANCON 05100', '0421542405', 'GEN', 5),
(708, 'Framzaoui', 'Reissa', '73 rue de la Pergolat BRIANCON 05100', '0444698187', 'GEN', 5),
(709, 'Pionneer', 'John', '2 rue des Princes SAVINES-LE-LAC 05160', '0431249814', 'GEN', 5),
(710, 'Billahian', 'Catherine', '53 rue de Poligny BARZY-SUR-MARNE 02850', '0373513553', 'GEN', 2),
(711, 'Frequin', 'Jules', '30 rue Malraux EVIGNY 08090', '0317625916', 'GER', 8),
(712, 'Yanshen', 'Martin', '35 rue des perles blanches OYONNAX 01100', '0484949416', 'GEN', 1),
(713, 'Newmann', 'Rodolphe', '22 rue du stade AX-LES-THERMES 09110', '0597525447', 'GER', 9),
(714, 'Nazaoui', 'Patrick', '18 rue Perdue NEUVILLE-LES-DAMES 01400', '0454304156', 'INF', 1),
(715, 'Nahraoui', 'Bertrand', '65 rue des Anses bleues BELLOC 09600', '0522232477', 'INF', 9),
(716, 'Capliez', 'Bernard', '70 rue des pyramides AX-LES-THERMES 09110', '0548800884', 'INF', 9),
(717, 'Zelniky', 'Rosalie', '9 rue du caféSAINT-CREPIN 05600', '0470298666', 'INF', 5),
(718, 'De Roulède', 'Jordan', '36 rue du caféMONCEAU-SUR-OISE 02120', '0337902134', 'CHC', 2),
(719, 'Fourmiret', 'Jérémie', '27 rue de Paris TRAVECY 02800', '0321240986', 'ANG', 2),
(720, 'Frequin', 'Catherine', '25 rue du stade THIN-LE-MOUTIER 08460', '0373019942', 'GEN', 8),
(721, 'Oar', 'Précilia', '58 rue des Chantereines SORBIERS 05150', '0456138900', 'GEN', 5),
(722, 'Cerpico', 'Roby', '14 rue des Princes REOTIER 05600', '0418201233', 'GEN', 5),
(723, 'Hollidays', 'Roby', '7 rue du 14 juillet SAINT-FIRMIN 05800', '0435737841', 'GEN', 5),
(724, 'Fournil', 'Alice', '21 rue du 14 juillet AUDRESSEIN 09800', '0549577626', 'ALL', 9),
(725, 'Fournil', 'Sophie', '12 rue Blainville BOULIGNEUX 01330', '0485824681', 'GEN', 1),
(726, 'Fortin', 'Armelle', '87 rue des pyramides BANCIGNY 02140', '0380163229', 'GEN', 2),
(727, 'Radronck', 'Cristophe', '44 rue St Denis ROCHEBRUNE 05190', '0421833954', 'GEN', 5),
(728, 'Aznakovitch', 'Reissa', '27 rue de la gare AUDRESSEIN 09800', '0525862994', 'GEN', 9),
(729, 'Astoria', 'Amélie', '41 rue des pyramides VAUX-CHAMPAGNE 08130', '0343900888', 'GEN', 8),
(730, 'De Roulède', 'Andrew', '31 rue de la mairie FLOING 08200', '0311338451', 'GEN', 8),
(731, 'Béronze ', 'Marie', '35 rue des gatinnes PELVOUX 05340', '0427092084', 'GEN', 5),
(732, 'El Hamouti', 'Alice', '35 rue du renard AX-LES-THERMES 09110', '0579017565', 'GEN', 9),
(733, 'Loulianov', 'Jules', '90 rue de Paris VAUX-CHAMPAGNE 08130', '0386647121', 'MAS', 8),
(734, 'Falmino', 'Rosalie', '3 rue de Marigny AX-LES-THERMES 09110', '0552021678', 'GER', 9),
(735, 'Zidanne', 'Astine', '7 rue de la Pergolat BAGERT 09230', '0521392547', 'MAS', 9),
(736, 'Bonieck', 'Prosper', '90 rue Bonaparte YONCQ 08210', '0392674994', 'GEN', 8),
(737, 'Hanscart', 'Fernand', '42 rue Edouard Hériot ARROUT 09800', '0515601750', 'GEN', 9),
(738, 'Scipillon', 'Anne-Laure', '70 rue du Mont AZY-SUR-MARNE 02400', '0347195732', 'OST', 2),
(739, 'Framier', 'Julien', '13 rue des Lilas BANCIGNY 02140', '0339249742', 'GEN', 2),
(740, 'Fortin', 'Hypolite', '45 rue des Néfliers ORCIERES 05170', '0435503130', 'GEN', 5),
(741, 'Jamgotchian', 'Irénée', '57 rue Hector Berlioz FEPIN 08170', '0399685398', 'ANG', 8),
(742, 'Chamois', 'Reissa', '24 rue Hector Berlioz ARROUT 09800', '0564256388', 'GER', 9),
(743, 'Radocky', 'Jimmy', '25 rue Albert Camus SAINT-LAURENT-SUR-SAONE 01750', '0442319187', 'ANG', 1),
(744, 'Protonne', 'Jérémie', '96 rue Anatole France MONT-LAURENT 08130', '0379511159', 'GEN', 8),
(745, 'Zitoune', 'Victor', '37 rue de Marigny SAINTE-MARIE 05150', '0497549880', 'ANG', 5),
(746, 'Guimauve', 'Bertrand', '20 rue Pasteur BEDEILLE 09230', '0522586224', 'CHC', 9),
(747, 'Epriniche', 'Julien', '44 rue Bonaparte BANCIGNY 02140', '0390688254', 'CHC', 2),
(748, 'Khan', 'Habib', '5 rue du stade AMBRIEF 02200', '0327960352', 'OBS', 2),
(749, 'Lopez', 'André', '69 rue Debussy MONCEAU-SUR-OISE 02120', '0363762717', 'GEN', 2),
(750, 'Casson', 'Hypolite', '20 rue Victor Hugo THIN-LE-MOUTIER 08460', '0387692474', 'GEN', 8),
(751, 'Oumar', 'André', '27 rue des Accacias LAUNOIS-SUR-VENCE 08430', '0314089620', 'GEN', 8),
(752, 'Aznakovitch', 'Mohammed', '48 rue du 14 juillet AX-LES-THERMES 09110', '0557230819', 'GEN', 9),
(753, 'De Roulède', 'Patrick', '38 rue du renard BILLIAT 01200', '0438986289', 'OBS', 1),
(754, 'Epoka', 'Précilia', '3 rue des Epines AUGIREIN 09800', '0555523105', 'OBS', 9),
(755, 'Merlieux', 'Hamed', '43 rue des Epines HERBEUVAL 08370', '0332471585', 'CHR', 8),
(756, 'Fournil', 'Anne-Marie', '26 rue de Paris SORBIERS 05150', '0480449197', 'OST', 5),
(757, 'Liorehen', 'Amélie', '33 rue de Marigny BRIANCON 05100', '0429531221', 'MAS', 5),
(758, 'Festina', 'Précilia', '17 rue des pyramides MESSINCOURT 08110', '0383254238', 'OST', 8),
(759, 'Jamgotchian', 'Précilia', '24 rue Debussy BOURG-EN-BRESSE 01000', '0431348186', 'MAS', 1),
(760, 'Charminet', 'Béatrice', '21 rue des perles blanches MONTCY-NOTRE-DAME 08090', '0314453519', 'GEN', 8),
(761, 'Ségura', 'Caline', '46 rue du caféMONTCEAUX 01090', '0420799374', 'MAS', 1),
(762, 'Charlequin', 'Bénédicte', '90 rue Agniel YONCQ 08210', '0373069363', 'GEN', 8),
(763, 'CHeroudy', 'Alain', '17 rue St Denis AGUILCOURT 02190', '0333695801', 'GEN', 2),
(764, 'Harviche', 'Précilia', '34 rue Anatole France BETTANT 01500', '0412141785', 'GER', 1),
(765, 'Shavert', 'Anne-Laure', '24 rue Commandant Mouchotte REOTIER 05600', '0420893209', 'PSY', 5),
(766, 'Hutch', 'Françoise', '80 rue Albert Camus AMBRIEF 02200', '0373756074', 'PSY', 2),
(767, 'Kérouanne', 'Caline', '30 rue des perles blanches SAINT-LAURENT-SUR-SAONE 01750', '0439831324', 'PSY', 1),
(768, 'Pololsky', 'Victor', '14 rue des Lilas CHEZY-SUR-MARNE 02570', '0313300681', 'PSY', 2),
(769, 'Minge', 'Aristote', '79 rue des Anses bleues ARANDAS 01230', '0420332660', 'OST', 1),
(770, 'Frazier', 'Johnny', '34 rue du renard FALAISE 08400', '0370553291', 'GEN', 8),
(771, 'Rodriguez', 'Jérome', '28 rue Hector Berlioz ORCIERES 05170', '0443297062', 'GEN', 5),
(772, 'Bredequin', 'Françoise', '88 rue du Mont FRESSANCOURT 02800', '0313654986', 'ANG', 2),
(773, 'Labatiste', 'Anaelle', '48 rue des Argonautes ARROUT 09800', '0518603040', 'GEN', 9),
(774, 'Di Resti', 'Jérémie', '67 rue des gatinnes ARANDAS 01230', '0410422676', 'GEN', 1),
(775, '''Chrome', 'Julie', '4 rue Anatole France DOMMARTIN 01380', '0496807830', 'GEN', 1),
(776, 'Guimauve', 'Jules', '62 rue de la Pergolat BOURG-EN-BRESSE 01000', '0487728945', 'GEN', 1),
(777, 'Nahraoui', 'Amélie', '59 rue Louis Aragon CAMON 09500', '0591653123', 'OST', 9),
(778, 'CHeroudy', 'Johnny', '80 rue de du général Scott JOIGNY-SUR-MEUSE 08700', '0386814494', 'GEN', 8),
(779, 'Azria', 'Dominique', '35 rue des Epines MONTCEAUX 01090', '0463823233', 'GEN', 1),
(780, 'Azoulais', 'Amélie', '60 rue des gatinnes BILLIAT 01200', '0487102339', 'GEN', 1),
(781, 'Mariveaux', 'Andrée', '20 rue de la Pergolat MONTCEAUX 01090', '0487833849', 'PSY', 1),
(782, 'Fortin', 'Aristote', '74 rue des Néfliers SAINT-LAURENT-SUR-SAONE 01750', '0417675151', 'PSY', 1),
(783, 'Charmieux', 'Anémone', '78 rue Victor Hugo BRIANCON 05100', '0430859878', 'ANG', 5),
(784, 'Vispendieu', 'Amiel', '2 rue Perdue AUBENTON 02500', '0334550712', 'GEN', 2),
(785, 'Farahoui', 'Aline', '88 rue de Poligny FRESSANCOURT 02800', '0399301475', 'GEN', 2),
(786, 'Liorehen', 'Prosper', '18 rue des hirondelles BOURG-EN-BRESSE 01000', '0463936581', 'GEN', 1),
(787, 'Froudette', 'Marie', '47 rue Perdue BRIANCON 05100', '0464689414', 'GEN', 5),
(788, 'Klébert', 'Hector', '91 rue des hirondelles AX-LES-THERMES 09110', '0583375798', 'PSY', 9),
(789, 'Klébert', 'Jérémie', '19 rue Commandant Hériot CEYZERIAT 01250', '0426848534', 'URG', 1),
(790, 'Brouzais', 'Aristote', '96 rue du Mont ROCHEBRUNE 05190', '0486526998', 'PSY', 5),
(791, 'Frazier', 'Hypolite', '92 rue Beaudelaire JOIGNY-SUR-MEUSE 08700', '0364925968', 'MAS', 8),
(792, 'Cassolette', 'Jules', '56 rue du Mont BILLIAT 01200', '0459159687', 'PSY', 1),
(793, 'Bazoline', 'Anne-Lucie', '94 rue Agniel BILLIAT 01200', '0497364094', 'OST', 1),
(794, 'Favriellé', 'Reissa', '37 rue de la pointe HAUTEVILLE 02120', '0398806683', 'ALL', 2),
(795, 'Camus', 'Patricia', '5 rue St Denis ABBECOURT 02300', '0355040100', 'PSY', 2),
(796, 'Mingo', 'Anne-Lucie', '90 rue Lampion YONCQ 08210', '0399778947', 'MAS', 8),
(797, 'Khan', 'Jérémy', '75 rue des Cavaux SAINT-LAURENT-SUR-SAONE 01750', '0466069822', 'GEN', 1),
(798, 'Charmis', 'Nohan', '9 rue des Epines SAVOURNON 05700', '0411774310', 'GEN', 5),
(799, 'Cassin', 'Hector', '87 rue Malraux LAUNOIS-SUR-VENCE 08430', '0359717547', 'GEN', 8),
(800, 'Bonieck', 'Aline', '14 rue de la rose BARZY-SUR-MARNE 02850', '0356584101', 'GEN', 2),
(801, 'Billahian', 'Sophie', '66 rue du 14 juillet AVANCON 05230', '0413861599', 'GEN', 5),
(802, 'Pionneer', 'Dominique', '72 rue des Argonautes BRIANCON 05100', '0465512769', 'ANG', 5),
(803, 'Durhum', 'Anne', '78 rue des hirondelles PELVOUX 05340', '0495946694', 'INF', 5),
(804, 'Perronet', 'Ines', '15 rue des Anses bleues MESSINCOURT 08110', '0312418493', 'OBS', 8),
(805, 'Di Resti', 'Anémone', '21 rue Commandant Hériot BELLEY 01300', '0465513099', 'OBS', 1),
(806, 'Bonieck', 'Sophie', '54 rue du 14 juillet AX-LES-THERMES 09110', '0548859466', 'GEN', 9),
(807, 'De Vivian', 'Irénée', '48 rue des perles blanches BRIANCON 05100', '0424065321', 'GEN', 5),
(808, 'Radosky', 'John', '34 rue du Mont BETTANT 01500', '0441330897', 'HOM', 1),
(809, 'Nazaoui', 'Aurélien', '61 rue Pasteur MAYOT 02800', '0356229245', 'GEN', 2),
(810, 'De Vivian', 'sabine', '14 rue des Anges OYONNAX 01100', '0456485843', 'GEN', 1),
(811, 'Oberlieux', 'Camille', '67 rue Alphonse Daudet BUZAN 09800', '0531797312', 'INF', 9),
(812, 'Fylbouni', 'Mohammed', '6 rue des Pigeons BARENTON-SUR-SERRE 02270', '0370234499', 'MAS', 2),
(813, 'Oar', 'Amiel', '23 rue Hector Berlioz BETTANT 01500', '0487520515', 'OBS', 1),
(814, 'Azria', 'Vénus', '90 rue des Lilas HAUTEVILLE 02120', '0394086731', 'URG', 2),
(815, 'Sidot', 'Hypolite', '80 rue de la gare ARANDAS 01230', '0440645072', 'OST', 1),
(816, 'Rastidien', 'Anémone', '22 rue des Cyprés BLYES 01150', '0470785500', 'GER', 1),
(817, 'Oulianov', 'Rodolphe', '24 rue des Anges BELLEY 01300', '0459668577', 'GEN', 1),
(818, 'Hanzert', 'Julie', '88 rue des Pigeons JUNIVILLE 08310', '0391920541', 'MAS', 8),
(819, 'Zelniky', 'Alice', '6 rue des hirondelles SAINT-CREPIN 05600', '0478485015', 'MAS', 5),
(820, 'Guimauve', 'Carole', '78 rue des Pigeons SAINTE-MARIE 05150', '0433025835', 'GEN', 5),
(821, 'Ambert', 'Marie', '19 rue de la pointe PELVOUX 05340', '0411070122', 'GEN', 5),
(822, 'Braquet', 'Ingrid', '35 rue Malraux QUATRE-CHAMPS 08400', '0370478563', 'ALL', 8),
(823, 'Di Conota', 'Alain', '27 rue du stade SAINT-LAURENT-SUR-SAONE 01750', '0492470117', 'INF', 1),
(824, 'Shavert', 'Vénus', '29 rue de Paris AVANCON 05230', '0424123589', 'URG', 5),
(825, 'Framier', 'Bernard', '53 rue de la mairie BAGERT 09230', '0550830599', 'OST', 9),
(826, 'Charlequin', 'Serge', '52 rue de Paris SAINT-FIRMIN 05800', '0472679599', 'GEN', 5),
(827, 'Fermat', 'Anaelle', '92 rue Blainville SAINT-ANDRE-DE-ROSANS 05150', '0474041924', 'GER', 5),
(828, 'Sibroton', 'Charles', '47 rue Beaudelaire AMBRIEF 02200', '0356493035', 'GEN', 2),
(829, 'El Hamouti', 'Fatima', '73 rue des Anges FRESSANCOURT 02800', '0390943061', 'GEN', 2),
(830, 'Sadot', 'André', '95 rue Edouard Hériot SAINT-FIRMIN 05800', '0483174531', 'HOM', 5),
(831, 'Frazier', 'André', '24 rue Louis Aragon REOTIER 05600', '0476877380', 'URG', 5),
(832, 'Zingaro', 'Ines', '71 rue Edouard Hériot ASTON 09310', '0543065471', 'HOM', 9),
(833, '''Chrome', 'Irénée', '72 rue du capitaine Crochet SAVOURNON 05700', '0415947068', 'ANG', 5),
(834, 'Harshill', 'Armelle', '32 rue de Paris SAINT-LAURENT-SUR-SAONE 01750', '0480648434', 'URG', 1),
(835, 'Aznakovitch', 'Serge', '96 rue des oiseaux YONCQ 08210', '0397358254', 'URG', 8),
(836, 'Frazier', 'Patrick', '66 rue Blainville FRESSANCOURT 02800', '0330907062', 'OST', 2),
(837, 'Habresh', 'Caline', '84 rue des Epines BRIANCON 05100', '0411957355', 'GEN', 5),
(838, 'Fermontin', 'Patrice', '93 rue Perdue DOMMARTIN 01380', '0430289650', 'GEN', 1),
(839, 'Bazoline', 'Martin', '96 rue des Pigeons ORCIERES 05170', '0492319447', 'GEN', 5),
(840, 'Rastuffe', 'Rosalie', '34 rue des Ormes AX-LES-THERMES 09110', '0577827344', 'URG', 9),
(841, 'Ambert', 'Robert', '97 rue des perles blanches VAUX-CHAMPAGNE 08130', '0315818160', 'URG', 8),
(842, 'Protonne', 'Patricia', '59 rue Pernod SORBIERS 05150', '0452990036', 'GER', 5),
(843, 'Raminski', 'Patrice', '30 rue de du général Scott SAINT-SAUVEUR 05200', '0412740574', 'GEN', 5),
(844, 'Falahoui', 'Alizée', '24 rue Commandant Hériot HERBEUVAL 08370', '0372811016', 'GEN', 8),
(845, 'Zomar', 'Amiel', '30 rue des Epines ARROUT 09800', '0554912883', 'GEN', 9),
(846, 'Jalouve', 'Anne-Laure', '72 rue des Accacias CEYZERIAT 01250', '0495757649', 'ANG', 1),
(847, 'Epoka', 'Alain', '89 rue de la Pergolat NEUVILLE-LES-DAMES 01400', '0443139412', 'GEN', 1),
(848, 'Chéchenko', 'Julien', '52 rue Malraux MAYOT 02800', '0313537125', 'CHC', 2),
(849, 'Framier', 'Dominique', '26 rue des Pigeons CHEZY-SUR-MARNE 02570', '0376713314', 'INF', 2),
(850, 'CHeroudy', 'Prosper', '34 rue des pyramides DOMMARTIN 01380', '0437007893', 'INF', 1),
(851, 'Scipillon', 'Amélie', '84 rue de Marigny AMBRIEF 02200', '0362342189', 'GER', 2),
(852, 'Durhum', 'Carole', '14 rue des Lilas SAVOURNON 05700', '0440474468', 'ALL', 5),
(853, 'Mar', 'Adelphe', '32 rue de Marigny CHABESTAN 05400', '0479332407', 'ANG', 5),
(854, 'Chamois', 'Anne-Lucie', '31 rue des pyramides MAYOT 02800', '0352060592', 'URG', 2),
(855, 'Egrouzais', 'Amélie', '90 rue des Néfliers HOUDILCOURT 08190', '0360017048', 'INF', 8),
(856, 'Ben Harfa', 'Adelphe', '35 rue des Argonautes BOULIGNEUX 01330', '0470938471', 'INF', 1),
(857, 'Rastidien', 'Rosalie', '14 rue Blainville FLEVILLE 08250', '0320670229', 'GEN', 8),
(858, 'Fortin', 'Caline', '27 rue Pasteur AX-LES-THERMES 09110', '0512150549', 'GEN', 9),
(859, 'Gaudillot', 'Astine', '94 rue Debussy MONTIGNY-SUR-MEUSE 08170', '0358772408', 'GEN', 8),
(860, 'De Vivian', 'Victor', '23 rue St Denis TRAVECY 02800', '0330373632', 'GEN', 2),
(861, 'Hutch', 'Aristote', '55 rue Agniel BEDEILLE 09230', '0597171275', 'MAS', 9),
(862, 'Mistigry', 'Charles-Edouard', '78 rue de la recette MACHAULT 08310', '0325349638', 'ANG', 8),
(863, 'Frequin', 'Caline', '19 rue Pernod AX-LES-THERMES 09110', '0568016782', 'INF', 9),
(864, 'Lopes', 'Aurèle', '9 rue de la gare MONTCY-NOTRE-DAME 08090', '0346893168', 'INF', 8),
(865, 'Ségura', 'Serge', '99 rue de Paris MONTCY-NOTRE-DAME 08090', '0391243175', 'INF', 8),
(866, 'Béronzelle ', 'Aline', '66 rue des Cyprés ROCHEBRUNE 05190', '0474044568', 'HOM', 5),
(867, 'Hanscart', 'Gilles', '13 rue des Ormes BLYES 01150', '0424315941', 'ANG', 1),
(868, 'Kérouanne', 'Johnny', '99 rue des Epines LAUNOIS-SUR-VENCE 08430', '0313668088', 'ALL', 8),
(869, '''Chrome', 'Jérome', '24 rue des Anses bleues FLOING 08200', '0351576826', 'INF', 8),
(870, 'Egrouzais', 'Amiel', '16 rue des oiseaux OYONNAX 01100', '0480872838', 'INF', 1),
(871, 'Ronsard', 'Irénée', '24 rue Agniel BOURG-EN-BRESSE 01000', '0457782183', 'GEN', 1),
(872, 'Hanscart', 'Andrew', '63 rue de du général Scott SAINTE-MARIE 05150', '0496424640', 'GEN', 5),
(873, 'Fort', 'Fatima', '9 rue des Cyprés FRESSANCOURT 02800', '0399807861', 'GEN', 2),
(874, 'Radot', 'Andrew', '53 rue de la Pergolat CHABESTAN 05400', '0448286750', 'MAS', 5),
(875, 'Framier', 'Gilles', '47 rue du capitaine Fraquasse BANCIGNY 02140', '0397976949', 'HOM', 2),
(876, 'Chéchenko', 'Marie', '89 rue Albert Camus MONTCY-NOTRE-DAME 08090', '0378321982', 'GEN', 8),
(877, 'Fort', 'Anne-Jeanne', '81 rue des Cavaux SAINT-LAURENT-SUR-SAONE 01750', '0463951383', 'GEN', 1),
(878, 'Habresh', 'Armelle', '76 rue du Mont MONTCEAUX 01090', '0415598111', 'GEN', 1),
(879, 'Gaudin', 'Anémone', '19 rue Albert Camus CAMON 09500', '0573404038', 'PSY', 9),
(880, 'Durhum', 'Prosper', '67 rue de la gare FLOING 08200', '0324668686', 'PSY', 8),
(881, 'Zebitoun', 'Anselme', '53 rue des hirondelles FLOING 08200', '0327408227', 'PSY', 8),
(882, 'Capliez', 'Roby', '13 rue du stade OYONNAX 01100', '0474204428', 'MAS', 1),
(883, 'Scipillon', 'Vénus', '50 rue des Argonautes HERBEUVAL 08370', '0373456319', 'PSY', 8),
(884, 'Nahraoui', 'Aline', '54 rue de la Tour ARROUT 09800', '0573442616', 'GEN', 9),
(885, 'Fortin', 'Alain', '50 rue Anatole France TRAVECY 02800', '0323311091', 'GEN', 2),
(886, 'Krevette', 'Mohammed', '78 rue des Epines BLYES 01150', '0431013911', 'GEN', 1),
(887, 'Fermontin', 'sabine', '80 rue de la Tour AX-LES-THERMES 09110', '0516185496', 'ANG', 9),
(888, 'Bouglieux', 'Adelphe', '43 rue de la pointe AZY-SUR-MARNE 02400', '0325660790', 'GEN', 2),
(889, 'Scott', 'Annie', '96 rue du général de Gaulle AX-LES-THERMES 09110', '0599243446', 'GEN', 9),
(890, 'Di Lazio', 'John', '82 rue de la recette AGUILCOURT 02190', '0366228551', 'CHC', 2),
(891, 'Brouzais', 'Aurélien', '66 rue Louis Aragon BETTANT 01500', '0473878093', 'MAS', 1),
(892, 'Fressinet', 'Hypolite', '70 rue des Néfliers CHALLES 01450', '0476171240', 'CHC', 1),
(893, 'Chamonix', 'Sophie', '43 rue des Armées BRIANCON 05100', '0415807023', 'OBS', 5),
(894, 'Shouchen', 'Anselme', '59 rue Petit FRESSANCOURT 02800', '0383782513', 'GER', 2),
(895, 'Bazoline', 'Ines', '43 rue du général de Gaulle AUGIREIN 09800', '0598718886', 'PSY', 9),
(896, 'Di Conota', 'Aurélien', '79 rue de la gare BELLEY 01300', '0479776039', 'PSY', 1),
(897, 'Roland', 'Andrew', '18 rue du Mont CHALLES 01450', '0433547437', 'GEN', 1),
(898, 'Scotland', 'Jérome', '89 rue des pyramides MONCEAU-SUR-OISE 02120', '0345551167', 'GEN', 2),
(899, 'Guimauve', 'Serge', '97 rue du capitaine Crochet FLOING 08200', '0316196835', 'GEN', 8),
(900, 'Fortin', 'Patrice', '25 rue des gatinnes FLEVILLE 08250', '0334902877', 'GEN', 8),
(901, 'Fylbouni', 'Bénédicte', '13 rue Agniel BEZAC 09100', '0566740268', 'GEN', 9),
(902, 'Di Conota', 'Jérome', '40 rue des perles blanches SAINT-ANDRE-DE-ROSANS 05150', '0446944245', 'GEN', 5),
(903, 'Doineau', 'Jérémie', '78 rue des Epines VAUX-CHAMPAGNE 08130', '0358416091', 'GEN', 8),
(904, 'Nasri', 'Catherine', '34 rue Malraux MACHAULT 08310', '0384057669', 'OBS', 8),
(905, 'Sérénice', 'Prosper', '76 rue des Epines FLOING 08200', '0393379729', 'OBS', 8),
(906, 'El Hamouti', 'Patrick', '26 rue Agniel BOURG-EN-BRESSE 01000', '0479180299', 'OBS', 1),
(907, 'Rosty', 'Julie', '40 rue des Armées AMBRIEF 02200', '0361450183', 'CHR', 2),
(908, 'Prestoriat', 'Jordan', '27 rue de la rose BANCIGNY 02140', '0352416188', 'HOM', 2),
(909, 'Scipillon', 'Julienne', '69 rue des gatinnes AX-LES-THERMES 09110', '0580069967', 'ACU', 9),
(910, 'Pastor', 'Annie', '58 rue du capitaine Fraquasse CHABESTAN 05400', '0467360442', 'HOM', 5),
(911, 'Zingaro', 'Patrick', '19 rue Pernod SIGOYER 05130', '0457375943', 'GEN', 5),
(912, 'Brouzais', 'Andrew', '83 rue de Paris AMBRIEF 02200', '0395359341', 'GEN', 2),
(913, 'Framaouzy', 'Adelphe', '27 rue Bonaparte CHEZY-SUR-MARNE 02570', '0355084339', 'ACU', 2),
(914, '''Chrome', 'sabine', '65 rue des Pigeons HERBEUVAL 08370', '0360394232', 'GER', 8),
(915, 'Scipion', 'Irénée', '69 rue de la recette MACHAULT 08310', '0383128193', 'MAS', 8),
(916, 'Zitoune', 'Martial', '86 rue du général de Gaulle BARZY-SUR-MARNE 02850', '0317141855', 'ACU', 2),
(917, 'Loulianov', 'Roby', '9 rue du général de Gaulle SAINT-ANDRE-DE-ROSANS 05150', '0487582509', 'PSY', 5),
(918, 'Arditi', 'Aurèle', '87 rue des Armées BARZY-SUR-MARNE 02850', '0338003620', 'ANG', 2),
(919, 'Kopa', 'Sophie', '94 rue de Poligny ARROUT 09800', '0557640538', 'PSY', 9),
(920, 'Epriniche', 'Aurèle', '63 rue des Epines ASTON 09310', '0522392505', 'GEN', 9),
(921, 'Fylbouni', 'Bertrand', '46 rue des Néfliers AUBENTON 02500', '0347004937', 'GEN', 2),
(922, 'Ambert', 'Catherine', '75 rue des Pigeons MEZIERES-SUR-OISE 02240', '0361266958', 'GEN', 2),
(923, 'Shavert', 'Anne-Jeanne', '45 rue de la mairie MONTCEAUX 01090', '0483591358', 'GEN', 1),
(924, 'Chamonix', 'Précilia', '97 rue de Marigny OYONNAX 01100', '0492249302', 'GEN', 1),
(925, 'Durieux', 'Julien', '86 rue Pasteur AMBRIEF 02200', '0351207619', 'ACU', 2),
(926, 'Sibaton', 'Yoan', '16 rue des Cyprés ROCHEBRUNE 05190', '0447561911', 'INF', 5),
(927, 'Froudette', 'Martin', '12 rue de Marigny SAVOURNON 05700', '0427247399', 'MAS', 5),
(928, 'Yansen', 'Alizée', '88 rue Blainville ROCHEBRUNE 05190', '0426259531', 'INF', 5),
(929, 'Aznakovitch', 'Anne-Jeanne', '25 rue des Cavaux SAINT-ANDRE-DE-ROSANS 05150', '0453552598', 'INF', 5),
(930, 'Billahian', 'Anémone', '52 rue des Argonautes BRIANCON 05100', '0490437250', 'INF', 5),
(931, 'Hourin', 'Rosalie', '1 rue Albert Camus BOURG-EN-BRESSE 01000', '0436516378', 'GER', 1),
(932, 'Scotland', 'Julien', '16 rue du caféJUNIVILLE 08310', '0387772024', 'GEN', 8),
(933, 'Nahraoui', 'Béatrice', '56 rue de du général Scott BLYES 01150', '0497830362', 'GEN', 1),
(934, 'Nahraoui', 'Irénée', '28 rue Hector Berlioz YONCQ 08210', '0391607943', 'GEN', 8),
(935, 'Prouteau', 'Bernard', '67 rue des Pigeons AZY-SUR-MARNE 02400', '0363260638', 'ACU', 2),
(936, 'Format', 'Nohan', '56 rue de la mairie BILLIAT 01200', '0489588610', 'GEN', 1),
(937, 'Klébert', 'Hector', '56 rue du Mont AUBENTON 02500', '0317965994', 'PSY', 2),
(938, 'Chesnikov', 'Vénus', '42 rue du caféSAINT-FIRMIN 05800', '0496188645', 'PSY', 5),
(939, 'Framzaoui', 'Ingrid', '69 rue des gatinnes SAINT-LAURENT-SUR-SAONE 01750', '0474955755', 'ACU', 1),
(940, 'Bazoline', 'Béatrice', '83 rue du caféLAVAL-MORENCY 08150', '0353669720', 'GER', 8),
(941, 'Di Lazio', 'Aristote', '45 rue des Néfliers ORCIERES 05170', '0410443514', 'OST', 5),
(942, 'Faure', 'Firmin', '86 rue Alphonse Daudet SORBIERS 05150', '0474673714', 'GEN', 5),
(943, 'Shouchen', 'Hypolite', '46 rue Blainville BELLEY 01300', '0432841577', 'GEN', 1),
(944, 'Radot', 'Anne-Laure', '10 rue Debussy BRIANCON 05100', '0488339706', 'GEN', 5),
(945, 'Liorehen', 'Adrien', '16 rue des Lilas CHEZY-SUR-MARNE 02570', '0375598648', 'GEN', 2),
(946, 'Zingaro', 'Martial', '48 rue des Cavaux BRIANCON 05100', '0497203279', 'GEN', 5),
(947, 'Prestor', 'Adrien', '67 rue du caféNEUVILLE-LES-DAMES 01400', '0483807492', 'CHC', 1),
(948, 'GrosJean', 'Andrée', '9 rue Blainville BILLIAT 01200', '0443247634', 'CHC', 1),
(949, 'Khan', 'Austine', '76 rue des Ormes BEDEILLE 09230', '0541576058', 'GER', 9),
(950, 'Cassan', 'sabine', '37 rue du stade ARROUT 09800', '0574023557', 'GEN', 9),
(951, 'Gaudin', 'Bénédicte', '52 rue du caféSAINT-FIRMIN 05800', '0498785723', 'GER', 5),
(952, 'Prestoriat', 'Aline', '72 rue des Accacias AX-LES-THERMES 09110', '0548451154', 'GEN', 9),
(953, 'Cerpico', 'Charles-Edouard', '19 rue des Accacias HOUDILCOURT 08190', '0316020754', 'MAS', 8),
(954, 'Yoggi', 'Hector', '65 rue des Lilas BEDEILLE 09230', '0574559022', 'GEN', 9),
(955, 'Bazile', 'Anémone', '5 rue du 14 juillet CHEZY-SUR-MARNE 02570', '0337232948', 'ANG', 2),
(956, 'Astoria', 'Ingrid', '92 rue des Epines AX-LES-THERMES 09110', '0561364657', 'ACU', 9),
(957, 'Heroudy', 'Habib', '22 rue de la pointe MESSINCOURT 08110', '0313589708', 'ACU', 8),
(958, 'Caroussel', 'Jérémy', '59 rue des perles blanches YONCQ 08210', '0326242380', 'MAS', 8),
(959, 'Zerbib', 'Amiel', '96 rue Pasteur ARROUT 09800', '0587698522', 'ACU', 9),
(960, 'Lièvremont', 'Austine', '65 rue du caféMONTCEAUX 01090', '0470285907', 'CHR', 1),
(961, 'Chamonix', 'Anne-Jeanne', '32 rue Pernod TRAVECY 02800', '0333270659', 'URG', 2),
(962, 'Durieux', 'François', '33 rue des Armées JOIGNY-SUR-MEUSE 08700', '0349739798', 'URG', 8),
(963, 'Framzaoui', 'Astine', '14 rue de Paris HAUTEVILLE 02120', '0351375540', 'GEN', 2),
(964, 'Epoka', 'Catherine', '62 rue Petit AUBENTON 02500', '0396351922', 'GEN', 2),
(965, 'Shavert', 'Dominique', '16 rue Albert Camus MONTCEAUX 01090', '0460614067', 'GEN', 1),
(966, 'Raminski', 'Habib', '43 rue Agniel FEPIN 08170', '0334104949', 'OBS', 8),
(967, 'Scotland', 'Bertrand', '19 rue des Armées BUZAN 09800', '0568125818', 'HOM', 9),
(968, 'Hutch', 'Anne-Lucie', '98 rue de la recette CHABESTAN 05400', '0456022326', 'OBS', 5),
(969, 'Billahian', 'Bernard', '20 rue des Pigeons ARROUT 09800', '0573067550', 'GEN', 9),
(970, 'Fort', 'Nohan', '43 rue des hirondelles BEDEILLE 09230', '0525181569', 'URG', 9),
(971, 'Nazaoui', 'Anne-Sophie', '31 rue Blainville BARENTON-SUR-SERRE 02270', '0373526813', 'GEN', 2),
(972, 'Chevalier', 'Alice', '33 rue des Accacias ROCHEBRUNE 05190', '0449350884', 'GEN', 5),
(973, 'Ambert', 'Aline', '84 rue du capitaine Crochet MONT-LAURENT 08130', '0325576123', 'OBS', 8),
(974, 'Ségura', 'John', '3 rue de la Tour FRESSANCOURT 02800', '0331446881', 'OBS', 2),
(975, 'Har', 'Anne', '96 rue des Anges AUBENTON 02500', '0378136627', 'GER', 2),
(976, 'Bridel', 'Julienne', '69 rue des Argonautes MONT-LAURENT 08130', '0370869862', 'URG', 8),
(977, 'Di Conota', 'Amiel', '64 rue Bonaparte PELVOUX 05340', '0488029182', 'GEN', 5),
(978, 'El Arabi', 'sabine', '82 rue Petit MONTCEAUX 01090', '0462167372', 'GEN', 1),
(979, 'Casson', 'Aurélien', '43 rue de la pointe SAINTE-MARIE 05150', '0435284955', 'GER', 5),
(980, 'Pololsky', 'François', '82 rue des gatinnes LAVAL-MORENCY 08150', '0342390211', 'CHC', 8),
(981, 'De Ligne', 'Anne-Jeanne', '43 rue Hector Berlioz MONTCEAUX 01090', '0423643158', 'INF', 1),
(982, 'Sabatier', 'Gilles', '61 rue de la Pergolat FLEVILLE 08250', '0344269218', 'GEN', 8),
(983, 'De Mestre', 'Anne-Lucie', '10 rue des Armées JUNIVILLE 08310', '0323215933', 'GEN', 8),
(984, 'Lopez', 'Rosalie', '61 rue Lampion MAYOT 02800', '0334037246', 'ACU', 2),
(985, 'Scipillon', 'Marie', '42 rue de la recette MONTCEAUX 01090', '0483490191', 'ACU', 1),
(986, 'Radot', 'Alain', '49 rue des Chantereines SAINT-SAUVEUR 05200', '0444873979', 'ACU', 5),
(987, 'Mérieux', 'Yoan', '26 rue Perdue BARENTON-SUR-SERRE 02270', '0383462706', 'ACU', 2),
(988, 'Oberlieux', 'Anne-Lucie', '30 rue des Néfliers FRESSANCOURT 02800', '0375894393', 'ACU', 2),
(989, 'Serbouny', 'Nohan', '35 rue Pernod BELLOC 09600', '0584397641', 'URG', 9),
(990, 'Jarrinovski', 'John', '87 rue des Epines JUNIVILLE 08310', '0326912283', 'ALL', 8),
(991, 'Capliez', 'Patricia', '11 rue des Armées CAMON 09500', '0564584038', 'ACU', 9),
(992, 'CHeroudy', 'Adelphe', '1 rue des Anges AMBRIEF 02200', '0341912319', 'ACU', 2),
(993, 'Margot', 'Anaelle', '34 rue de la Tour BOURG-EN-BRESSE 01000', '0421198450', 'ACU', 1),
(994, 'OMar', 'Jérome', '1 rue du capitaine Crochet MAYOT 02800', '0322747123', 'GEN', 2),
(995, 'Ricardo', 'Hector', '96 rue des Princes AGUILCOURT 02190', '0344210000', 'GEN', 2),
(996, 'Sursarshill', 'Austine', '48 rue Beaudelaire MACHAULT 08310', '0327416806', 'GEN', 8),
(997, 'Bretonnot', 'Anne', '37 rue du capitaine Crochet SIGOYER 05130', '0440990856', 'ACU', 5),
(998, 'De Mestre', 'Aude', '87 rue Louis Aragon SAINTE-MARIE 05150', '0458331361', 'INF', 5),
(999, 'Nazaoui', 'Aurélien', '83 rue des hirondelles SAINT-LAURENT-SUR-SAONE 01750', '0419114151', 'GEN', 1),
(1000, 'Armouche', 'Sophie', '83 rue des Chantereines NEUVILLE-LES-DAMES 01400', '0412959203', 'GEN', 1);

-- --------------------------------------------------------

--
-- Structure de la table `medicament`
--

CREATE TABLE IF NOT EXISTS `medicament` (
  `id` varchar(30) NOT NULL,
  `nomCommercial` varchar(80) NOT NULL,
  `idFamille` varchar(10) NOT NULL,
  `composition` varchar(100) NOT NULL,
  `effets` varchar(100) NOT NULL,
  `contreIndications` varchar(100) NOT NULL,
  `prixEch` int(11) DEFAULT NULL,
  PRIMARY KEY (`id`),
  KEY `medicament_fk` (`idFamille`)
) ENGINE=InnoDB DEFAULT CHARSET=latin1;

--
-- Contenu de la table `medicament`
--

INSERT INTO `medicament` (`id`, `nomCommercial`, `idFamille`, `composition`, `effets`, `contreIndications`, `prixEch`) VALUES
('3MYC7', 'TRIMYCINE', 'CRT', 'Triamcinolone acétonide + Néomycine + Nystatine', 'Ce médicament est un corticoïde à  activité forte ou très forte associé à  un antibiotique et un ant', 'Ce médicament est contre-indiqué en cas d allergie à  l un des constituants  d infections de la peau', 5),
('ADIMOL9', 'ADIMOL', 'ABP', 'Amoxicilline + Acide clavulanique', 'Ce médicament  plus puissant que les pénicillines simples  est utilisé pour traiter des infections b', 'Ce médicament est contre-indiqué en cas d allergie aux pénicillines ou aux céphalosporines.', 5),
('AMOPIL7', 'AMOPIL', 'ABP', 'Amoxicilline', 'Ce médicament  plus puissant que les pénicillines simples  est utilisé pour traiter des infections b', 'Ce médicament est contre-indiqué en cas d allergie aux pénicillines. Il doit être administré avec pr', 5),
('AMOX45', 'AMOXAR', 'ABP', 'Amoxicilline', 'Ce médicament  plus puissant que les pénicillines simples  est utilisé pour traiter des infections b', 'La prise de ce médicament peut rendre positifs les tests de dépistage du dopage.', 5),
('AMOXIG12', 'AMOXI Gé', 'ABP', 'Amoxicilline', 'Ce médicament  plus puissant que les pénicillines simples  est utilisé pour traiter des infections b', 'Ce médicament est contre-indiqué en cas d allergie aux pénicillines. Il doit être administré avec pr', 5),
('APATOUX22', 'APATOUX Vitamine C', 'ALO', 'Tyrothricine + Tétracaïne + Acide ascorbique (Vitamine C)', 'Ce médicament est utilisé pour traiter les affections de la bouche et de la gorge.', 'Ce médicament est contre-indiqué en cas d allergie à  l un des constituants  en cas de phénylcétonur', 5),
('BACTIG10', 'BACTIGEL', 'ABC', 'Erythromycine', 'Ce médicament est utilisé en application locale pour traiter l acné et les infections cutanées bacté', 'Ce médicament est contre-indiqué en cas d allergie aux antibiotiques de la famille des macrolides ou', 5),
('BACTIV13', 'BACTIVIL', 'AFM', 'Erythromycine', 'Ce médicament est utilisé pour traiter des infections bactériennes spécifiques.', 'Ce médicament est contre-indiqué en cas d allergie aux macrolides (dont le chef de file est l érythr', 5),
('BITALV', 'BIVALIC', 'AAA', 'Dextropropoxyphène + Paracétamol', 'Ce médicament est utilisé pour traiter les douleurs d intensité modérée ou intense.', 'Ce médicament est contre-indiqué en cas d allergie aux médicaments de cette famille  d insuffisance ', 5),
('CARTION6', 'CARTION', 'AAA', 'Acide acétylsalicylique (aspirine) + Acide ascorbique (Vitamine C) + Paracétamol', 'Ce médicament est utilisé dans le traitement symptomatique de la douleur ou de la fièvre.', 'Ce médicament est contre-indiqué en cas de troubles de la coagulation (tendances aux hémorragies)  d', 5),
('CLAZER6', 'CLAZER', 'AFM', 'Clarithromycine', 'Ce médicament est utilisé pour traiter des infections bactériennes spécifiques. Il est également uti', 'Ce médicament est contre-indiqué en cas d allergie aux macrolides (dont le chef de file est l érythr', 5),
('DEPRIL9', 'DEPRAMIL', 'AIM', 'Clomipramine', 'Ce médicament est utilisé pour traiter les épisodes dépressifs sévères  certaines douleurs rebelles ', 'Ce médicament est contre-indiqué en cas de glaucome ou d adénome de la prostate  d infarctus récent ', 5),
('DIMIRTAM6', 'DIMIRTAM', 'AAC', 'Mirtazapine', 'Ce médicament est utilisé pour traiter les épisodes dépressifs sévères.', 'La prise de ce produit est contre-indiquée en cas de d allergie à  l un des constituants.', 5),
('DOLRIL7', 'DOLORIL', 'AAA', 'Acide acétylsalicylique (aspirine) + Acide ascorbique (Vitamine C) + Paracétamol', 'Ce médicament est utilisé dans le traitement symptomatique de la douleur ou de la fièvre.', 'Ce médicament est contre-indiqué en cas d allergie au paracétamol ou aux salicylates.', 5),
('DORNOM8', 'NORMADOR', 'HYP', 'Doxylamine', 'Ce médicament est utilisé pour traiter l insomnie chez l adulte.', 'Ce médicament est contre-indiqué en cas de glaucome  de certains troubles urinaires (rétention urina', 5),
('EQUILARX6', 'EQUILAR', 'AAH', 'Méclozine', 'Ce médicament est utilisé pour traiter les vertiges et pour prévenir le mal des transports.', 'Ce médicament ne doit pas être utilisé en cas d allergie au produit  en cas de glaucome ou de rétent', 5),
('EVILR7', 'EVEILLOR', 'PSA', 'Adrafinil', 'Ce médicament est utilisé pour traiter les troubles de la vigilance et certains symptomes neurologiq', 'Ce médicament est contre-indiqué en cas d allergie à  l un des constituants.', 5),
('INSXT5', 'INSECTIL', 'AH', 'Diphénydramine', 'Ce médicament est utilisé en application locale sur les piqûres d insecte et l urticaire.', 'Ce médicament est contre-indiqué en cas d allergie aux antihistaminiques.', 5),
('JOVAI8', 'JOVENIL', 'AFM', 'Josamycine', 'Ce médicament est utilisé pour traiter des infections bactériennes spécifiques.', 'Ce médicament est contre-indiqué en cas d allergie aux macrolides (dont le chef de file est l érythr', 5),
('LIDOXY23', 'LIDOXYTRACINE', 'AFC', 'Oxytétracycline +Lidocaïne', 'Ce médicament est utilisé en injection intramusculaire pour traiter certaines infections spécifiques', 'Ce médicament est contre-indiqué en cas d allergie à  l un des constituants. Il ne doit pas être ass', 5),
('LITHOR12', 'LITHORINE', 'AP', 'Lithium', 'Ce médicament est indiqué dans la prévention des psychoses maniaco-dépressives ou pour traiter les é', 'Ce médicament ne doit pas être utilisé si vous êtes allergique au lithium. Avant de prendre ce trait', 5),
('PARMOL16', 'PARMOCODEINE', 'AA', 'Codéine + Paracétamol', 'Ce médicament est utilisé pour le traitement des douleurs lorsque des antalgiques simples ne sont pa', 'Ce médicament est contre-indiqué en cas d allergie à  l un des constituants  chez l enfant de moins ', 5),
('PHYSOI8', 'PHYSICOR', 'PSA', 'Sulbutiamine', 'Ce médicament est utilisé pour traiter les baisses d activité physique ou psychique  souvent dans un', 'Ce médicament est contre-indiqué en cas d allergie à  l un des constituants.', 5),
('PIRIZ8', 'PIRIZAN', 'ABA', 'Pyrazinamide', 'Ce médicament est utilisé  en association à  d autres antibiotiques  pour traiter la tuberculose.', 'Ce médicament est contre-indiqué en cas d allergie à  l un des constituants  d insuffisance rénale o', 5),
('POMDI20', 'POMADINE', 'AO', 'Bacitracine', 'Ce médicament est utilisé pour traiter les infections oculaires de la surface de l oeil.', 'Ce médicament est contre-indiqué en cas d allergie aux antibiotiques appliqués localement.', 5),
('TROXT21', 'TROXADET', 'AIN', 'Paroxétine', 'Ce médicament est utilisé pour traiter la dépression et les troubles obsessionnels compulsifs. Il pe', 'Ce médicament est contre-indiqué en cas d allergie au produit.', 5),
('TXISOL22', 'TOUXISOL', 'ALO', 'Tyrothricine + Acide ascorbique (Vitamine C)', 'Ce médicament est utilisé pour traiter les affections de la bouche et de la gorge.', 'Ce médicament est contre-indiqué en cas d allergie à  l un des constituants et chez l enfant de moin', 5),
('URIEG6', 'URIREGUL', 'AUM', 'Fosfomycine trométamol', 'Ce médicament est utilisé pour traiter les infections urinaires simples chez la femme de moins de 65', 'La prise de ce médicament est contre-indiquée en cas d allergie à l un des constituants et d insuffi', 5),
('XXXTEST', 'TESTX', 'ABA', 'perlinpinpin', 'placebo', 'aucunes', 5);

-- --------------------------------------------------------

--
-- Structure de la table `offrir`
--

CREATE TABLE IF NOT EXISTS `offrir` (
  `idRapport` int(11) NOT NULL,
  `idMedicament` varchar(30) NOT NULL,
  `quantite` int(2) DEFAULT NULL,
  PRIMARY KEY (`idRapport`,`idMedicament`),
  KEY `offrir_fk2` (`idMedicament`)
) ENGINE=InnoDB DEFAULT CHARSET=latin1;

--
-- Contenu de la table `offrir`
--

INSERT INTO `offrir` (`idRapport`, `idMedicament`, `quantite`) VALUES
(4, '3MYC7', 3),
(4, 'CLAZER6', 4),
(5, 'AMOXIG12', 1),
(6, 'PIRIZ8', 1),
(7, 'DOLRIL7', 2),
(8, 'CARTION6', 3),
(9, 'AMOXIG12', 2),
(10, '3MYC7', 3),
(10, 'BITALV', 3),
(11, 'BITALV', 1),
(12, 'DIMIRTAM6', 3),
(13, 'BACTIG10', 2),
(13, 'EQUILARX6', 4),
(14, 'LITHOR12', 3),
(15, 'AMOPIL7', 2),
(16, '3MYC7', 3),
(17, 'BACTIV13', 4),
(17, 'JOVAI8', 2),
(18, 'TXISOL22', 1),
(19, 'CLAZER6', 2),
(19, 'TROXT21', 3),
(20, 'EQUILARX6', 4),
(20, 'POMDI20', 4),
(21, 'CARTION6', 2),
(21, 'POMDI20', 3),
(22, 'AMOXIG12', 1),
(23, 'BITALV', 3),
(23, 'DORNOM8', 1),
(24, '3MYC7', 3),
(24, 'EVILR7', 3),
(25, 'DORNOM8', 4),
(25, 'TXISOL22', 2),
(26, 'POMDI20', 4),
(26, 'TXISOL22', 3),
(27, '3MYC7', 1),
(28, 'CARTION6', 2),
(29, 'AMOX45', 2),
(29, 'BACTIG10', 4),
(30, 'LIDOXY23', 3),
(31, 'TXISOL22', 3),
(32, 'APATOUX22', 4),
(33, 'EVILR7', 4),
(33, 'PHYSOI8', 4),
(34, 'DORNOM8', 2),
(34, 'TXISOL22', 4),
(35, 'AMOXIG12', 3),
(35, 'EQUILARX6', 1),
(36, 'BACTIV13', 1),
(36, 'POMDI20', 1),
(37, 'DOLRIL7', 1),
(37, 'JOVAI8', 4),
(38, 'BITALV', 1),
(38, 'PARMOL16', 4),
(39, 'BACTIG10', 2),
(39, 'BITALV', 1),
(40, 'DEPRIL9', 1),
(41, 'DORNOM8', 4),
(41, 'LIDOXY23', 3),
(42, 'EQUILARX6', 1),
(42, 'JOVAI8', 4),
(43, 'ADIMOL9', 2),
(43, 'AMOXIG12', 4),
(44, 'DEPRIL9', 2),
(45, 'ADIMOL9', 4),
(46, 'BACTIV13', 4),
(46, 'LITHOR12', 4),
(47, 'AMOX45', 4),
(48, 'DEPRIL9', 2),
(49, 'ADIMOL9', 4),
(49, 'DIMIRTAM6', 3),
(50, '3MYC7', 1),
(50, 'POMDI20', 1),
(51, 'AMOX45', 3),
(52, 'BACTIG10', 1),
(52, 'EVILR7', 1),
(53, 'EVILR7', 2),
(54, 'TXISOL22', 4),
(55, 'TROXT21', 1),
(56, 'DEPRIL9', 3),
(56, 'INSXT5', 4),
(57, 'EQUILARX6', 3),
(58, 'CLAZER6', 4),
(58, 'INSXT5', 4),
(59, 'AMOX45', 1),
(59, 'JOVAI8', 2),
(60, 'ADIMOL9', 4),
(60, 'BITALV', 1),
(61, 'APATOUX22', 3),
(61, 'PHYSOI8', 1),
(62, 'EVILR7', 4),
(62, 'PHYSOI8', 2),
(63, 'EQUILARX6', 2),
(64, 'AMOXIG12', 4),
(64, 'DOLRIL7', 3),
(65, 'DORNOM8', 2),
(66, 'AMOXIG12', 1),
(66, 'BACTIV13', 1),
(67, 'DORNOM8', 2),
(68, 'CARTION6', 4),
(68, 'DIMIRTAM6', 2),
(69, 'CARTION6', 4),
(69, 'LIDOXY23', 3),
(70, '3MYC7', 4),
(71, 'CLAZER6', 2),
(71, 'DORNOM8', 3),
(72, 'PHYSOI8', 4),
(73, 'DORNOM8', 2),
(73, 'PIRIZ8', 2),
(74, 'PHYSOI8', 4),
(75, 'EQUILARX6', 1),
(76, 'DIMIRTAM6', 4),
(77, 'DEPRIL9', 3),
(77, 'POMDI20', 1),
(78, 'AMOPIL7', 4),
(78, 'TXISOL22', 4),
(79, 'DORNOM8', 1),
(79, 'PIRIZ8', 4),
(80, 'CLAZER6', 1),
(80, 'LIDOXY23', 3),
(81, 'EQUILARX6', 1),
(82, 'CARTION6', 3),
(82, 'PIRIZ8', 4),
(83, 'BACTIV13', 4),
(84, 'CLAZER6', 3),
(84, 'DIMIRTAM6', 2),
(85, 'BITALV', 2),
(86, '3MYC7', 1),
(87, 'BITALV', 4),
(87, 'TROXT21', 1),
(88, 'AMOXIG12', 1),
(88, 'TXISOL22', 2),
(89, 'TXISOL22', 4),
(90, 'PARMOL16', 2),
(91, '3MYC7', 4),
(92, 'DORNOM8', 4),
(93, 'EVILR7', 1),
(94, 'DEPRIL9', 2),
(95, 'AMOPIL7', 3),
(96, 'DOLRIL7', 4),
(96, 'PARMOL16', 4),
(97, 'DEPRIL9', 3),
(97, 'POMDI20', 4),
(98, 'AMOPIL7', 4),
(98, 'EQUILARX6', 2),
(99, 'AMOPIL7', 3),
(99, 'POMDI20', 1),
(100, 'AMOXIG12', 4),
(101, 'CLAZER6', 4),
(101, 'TXISOL22', 1),
(102, 'AMOPIL7', 1),
(102, 'EQUILARX6', 3),
(103, 'JOVAI8', 2),
(104, 'DORNOM8', 3),
(104, 'EQUILARX6', 1),
(105, '3MYC7', 1),
(106, '3MYC7', 3),
(106, 'LIDOXY23', 2),
(107, 'BITALV', 4),
(107, 'CLAZER6', 4),
(108, 'DOLRIL7', 3),
(109, 'PARMOL16', 3),
(110, 'INSXT5', 1),
(111, 'CARTION6', 4),
(112, 'CARTION6', 4),
(112, 'TROXT21', 4),
(113, '3MYC7', 1),
(113, 'EVILR7', 2),
(114, 'PHYSOI8', 1),
(114, 'PIRIZ8', 2),
(115, 'PIRIZ8', 1),
(116, 'BACTIG10', 1),
(116, 'JOVAI8', 1),
(117, 'DEPRIL9', 1),
(117, 'DIMIRTAM6', 4),
(118, 'CLAZER6', 3),
(118, 'LITHOR12', 4),
(119, 'LITHOR12', 4),
(119, 'TXISOL22', 1),
(120, 'APATOUX22', 1),
(120, 'BACTIV13', 1),
(121, 'LIDOXY23', 3),
(122, 'DORNOM8', 1),
(122, 'LIDOXY23', 1),
(123, 'EQUILARX6', 1),
(124, '3MYC7', 2),
(124, 'AMOX45', 3),
(125, 'APATOUX22', 2),
(125, 'EVILR7', 3),
(126, 'ADIMOL9', 4),
(127, 'CARTION6', 1),
(127, 'POMDI20', 1),
(128, 'EVILR7', 3),
(129, 'ADIMOL9', 4),
(129, 'APATOUX22', 4),
(130, 'JOVAI8', 1),
(131, 'APATOUX22', 3),
(132, 'PIRIZ8', 4),
(133, 'AMOPIL7', 1),
(133, 'DIMIRTAM6', 3),
(134, 'JOVAI8', 3),
(134, 'POMDI20', 3),
(135, 'ADIMOL9', 4),
(135, 'PHYSOI8', 1),
(136, 'JOVAI8', 4),
(137, 'PHYSOI8', 1),
(138, 'DOLRIL7', 2),
(138, 'PARMOL16', 3),
(139, 'AMOX45', 2),
(140, 'DORNOM8', 1),
(140, 'PIRIZ8', 1),
(141, 'BITALV', 3),
(141, 'EVILR7', 3),
(142, 'BACTIV13', 3),
(142, 'TROXT21', 3),
(143, 'APATOUX22', 4),
(144, 'BACTIG10', 1),
(145, 'AMOX45', 4),
(145, 'APATOUX22', 2),
(146, 'EVILR7', 3),
(146, 'TROXT21', 4),
(147, 'DORNOM8', 1),
(148, 'PHYSOI8', 3),
(149, 'EVILR7', 3),
(149, 'LITHOR12', 1),
(150, 'CLAZER6', 2),
(151, 'BACTIV13', 2),
(151, 'DOLRIL7', 4),
(152, 'EVILR7', 1),
(153, 'DIMIRTAM6', 1),
(153, 'INSXT5', 3),
(154, 'BACTIG10', 1),
(155, 'ADIMOL9', 3),
(155, 'INSXT5', 3),
(156, 'DOLRIL7', 4),
(156, 'JOVAI8', 3),
(157, 'AMOX45', 1),
(157, 'EVILR7', 2),
(158, 'PARMOL16', 1),
(159, 'BITALV', 3),
(159, 'INSXT5', 3),
(160, 'POMDI20', 2),
(161, 'AMOXIG12', 4),
(161, 'EQUILARX6', 4),
(162, 'DORNOM8', 4),
(163, 'BITALV', 4),
(163, 'TXISOL22', 3),
(164, 'EQUILARX6', 4),
(164, 'TXISOL22', 4),
(165, 'BITALV', 1),
(165, 'DOLRIL7', 4),
(166, 'PARMOL16', 4),
(166, 'PHYSOI8', 3),
(167, '3MYC7', 1),
(168, 'AMOXIG12', 1),
(169, 'TROXT21', 4),
(170, 'BACTIV13', 3),
(170, 'EQUILARX6', 3),
(171, 'PHYSOI8', 2),
(172, 'LITHOR12', 2),
(173, 'ADIMOL9', 3),
(173, 'INSXT5', 2),
(174, 'BITALV', 3),
(175, 'BITALV', 2),
(176, 'EVILR7', 2),
(177, 'AMOXIG12', 3),
(177, 'PIRIZ8', 1),
(178, 'ADIMOL9', 1),
(178, 'BACTIG10', 1),
(179, 'JOVAI8', 3),
(179, 'LIDOXY23', 3),
(180, 'DOLRIL7', 1),
(181, 'DEPRIL9', 4),
(181, 'LITHOR12', 4),
(182, 'DEPRIL9', 3),
(182, 'PIRIZ8', 4),
(183, 'APATOUX22', 2),
(184, 'DORNOM8', 3),
(184, 'PIRIZ8', 3),
(185, 'CLAZER6', 1),
(186, 'JOVAI8', 1),
(187, 'EVILR7', 3),
(188, 'INSXT5', 4),
(188, 'LIDOXY23', 4),
(189, 'BACTIG10', 1),
(189, 'INSXT5', 4),
(190, 'DIMIRTAM6', 2),
(191, 'DOLRIL7', 4),
(191, 'PIRIZ8', 3),
(192, 'LITHOR12', 4),
(193, 'AMOXIG12', 1),
(193, 'TROXT21', 1),
(194, 'TXISOL22', 2),
(195, 'TROXT21', 4),
(196, 'APATOUX22', 1),
(197, 'EQUILARX6', 4),
(198, 'BITALV', 1),
(199, 'AMOPIL7', 1),
(199, 'BACTIG10', 3),
(200, 'DORNOM8', 1),
(200, 'INSXT5', 1),
(201, 'DEPRIL9', 4),
(202, 'LIDOXY23', 3),
(202, 'PARMOL16', 3),
(203, 'INSXT5', 3),
(203, 'PARMOL16', 2),
(204, 'DIMIRTAM6', 2),
(205, 'EVILR7', 3),
(206, 'JOVAI8', 3),
(207, 'EVILR7', 1),
(207, 'JOVAI8', 4),
(208, 'ADIMOL9', 1),
(209, 'LITHOR12', 3),
(209, 'PHYSOI8', 4),
(210, 'BACTIV13', 3),
(210, 'DIMIRTAM6', 2),
(211, 'BACTIG10', 2),
(211, 'DOLRIL7', 4),
(212, 'EVILR7', 3),
(213, 'PARMOL16', 3),
(213, 'TROXT21', 2),
(214, 'DOLRIL7', 3),
(214, 'JOVAI8', 1),
(215, 'AMOXIG12', 3),
(215, 'INSXT5', 3),
(216, 'BACTIG10', 3),
(216, 'TROXT21', 4),
(217, 'POMDI20', 1),
(218, 'AMOX45', 2),
(218, 'AMOXIG12', 2),
(219, 'BACTIG10', 4),
(220, 'DEPRIL9', 2),
(220, 'TXISOL22', 3),
(221, 'AMOX45', 2),
(221, 'EVILR7', 2),
(222, 'POMDI20', 1),
(223, 'BACTIV13', 4),
(224, 'LIDOXY23', 3),
(225, 'BACTIV13', 2),
(226, 'CARTION6', 3),
(226, 'LITHOR12', 1),
(227, '3MYC7', 2),
(227, 'AMOX45', 2),
(228, 'BACTIG10', 4),
(229, 'TROXT21', 2),
(230, 'AMOXIG12', 3),
(231, 'PHYSOI8', 2),
(232, '3MYC7', 4),
(233, 'PIRIZ8', 2),
(233, 'TXISOL22', 3),
(234, 'BITALV', 1),
(234, 'TROXT21', 3),
(235, 'JOVAI8', 3),
(236, 'LIDOXY23', 2),
(236, 'PARMOL16', 1),
(237, 'AMOX45', 1),
(237, 'DIMIRTAM6', 4),
(238, 'DIMIRTAM6', 3),
(238, 'TROXT21', 2),
(239, 'DOLRIL7', 2),
(240, 'LIDOXY23', 4),
(241, 'TROXT21', 3),
(242, 'BACTIV13', 4),
(243, 'EQUILARX6', 3),
(244, 'LITHOR12', 3),
(245, 'EVILR7', 4),
(245, 'TXISOL22', 1),
(246, 'CARTION6', 3),
(247, 'DEPRIL9', 4),
(248, '3MYC7', 2),
(249, 'BITALV', 3),
(250, 'INSXT5', 4),
(250, 'TXISOL22', 3),
(251, 'PIRIZ8', 2),
(252, '3MYC7', 1),
(253, 'BACTIV13', 3),
(253, 'TXISOL22', 1),
(254, 'JOVAI8', 4),
(255, 'AMOPIL7', 2),
(255, 'CLAZER6', 4),
(256, 'LITHOR12', 4),
(257, 'BACTIG10', 2),
(258, 'EVILR7', 1),
(259, 'LITHOR12', 2),
(260, 'DOLRIL7', 4),
(260, 'EVILR7', 1),
(261, 'BACTIV13', 3),
(261, 'PIRIZ8', 1),
(262, 'BACTIG10', 3),
(262, 'POMDI20', 4),
(263, 'BACTIV13', 3),
(263, 'DOLRIL7', 2),
(264, 'AMOX45', 4),
(265, 'AMOPIL7', 3),
(265, 'APATOUX22', 4),
(266, 'DEPRIL9', 4),
(267, 'PARMOL16', 3),
(268, 'PARMOL16', 3),
(269, 'PHYSOI8', 3),
(270, 'CARTION6', 3),
(270, 'EQUILARX6', 4),
(271, 'BITALV', 1),
(272, 'CLAZER6', 2),
(272, 'EVILR7', 2),
(273, 'AMOXIG12', 3),
(274, 'AMOX45', 2),
(274, 'BACTIG10', 2),
(275, 'LITHOR12', 3),
(275, 'TXISOL22', 4),
(276, 'BACTIG10', 4),
(277, 'JOVAI8', 4),
(277, 'TXISOL22', 4),
(278, 'BACTIV13', 1),
(278, 'PIRIZ8', 3),
(279, 'DEPRIL9', 1),
(280, 'INSXT5', 1),
(281, 'LITHOR12', 2),
(282, 'PHYSOI8', 1),
(283, 'TROXT21', 3),
(284, 'DORNOM8', 2),
(285, 'PHYSOI8', 2),
(285, 'TXISOL22', 1),
(286, 'TROXT21', 2),
(287, 'POMDI20', 3),
(288, 'BACTIV13', 1),
(289, 'AMOX45', 2),
(289, 'PARMOL16', 1),
(290, 'CARTION6', 4),
(290, 'DORNOM8', 3),
(291, 'PHYSOI8', 2),
(291, 'PIRIZ8', 4),
(292, 'AMOX45', 3),
(292, 'CLAZER6', 3),
(293, '3MYC7', 2),
(293, 'DEPRIL9', 3),
(294, 'AMOX45', 1),
(294, 'INSXT5', 2),
(295, 'AMOPIL7', 1),
(296, 'DOLRIL7', 2),
(296, 'DORNOM8', 4),
(297, 'EVILR7', 4),
(298, 'BACTIV13', 3),
(298, 'CLAZER6', 1),
(299, 'AMOPIL7', 4),
(300, 'PARMOL16', 4),
(301, 'ADIMOL9', 3),
(301, 'LITHOR12', 2),
(302, 'DEPRIL9', 1),
(303, 'AMOX45', 1),
(303, 'BACTIG10', 3),
(304, 'BITALV', 1),
(304, 'PARMOL16', 2),
(305, 'BITALV', 3),
(306, 'AMOXIG12', 4),
(306, 'DORNOM8', 4),
(307, '3MYC7', 2),
(307, 'APATOUX22', 3),
(308, 'DOLRIL7', 2),
(309, 'BITALV', 2),
(310, 'PIRIZ8', 1),
(311, 'ADIMOL9', 4),
(312, 'AMOXIG12', 4),
(312, 'LITHOR12', 1),
(313, 'TXISOL22', 4),
(314, 'BITALV', 1),
(314, 'TXISOL22', 2),
(315, 'DEPRIL9', 4),
(316, 'CLAZER6', 3),
(316, 'LITHOR12', 1),
(317, 'AMOXIG12', 2),
(317, 'TROXT21', 4),
(318, 'PIRIZ8', 4),
(319, 'BITALV', 4),
(320, 'TXISOL22', 3),
(321, 'AMOX45', 3),
(322, 'BACTIG10', 2),
(322, 'PARMOL16', 3),
(323, '3MYC7', 1),
(324, 'AMOPIL7', 4),
(324, 'DORNOM8', 1),
(325, 'AMOX45', 3),
(326, 'TXISOL22', 4),
(327, 'TXISOL22', 2),
(328, 'AMOPIL7', 4),
(328, 'EVILR7', 3),
(329, 'EQUILARX6', 2),
(329, 'PHYSOI8', 1),
(330, 'DEPRIL9', 3),
(330, 'POMDI20', 4),
(331, 'DEPRIL9', 3),
(331, 'LITHOR12', 1),
(332, 'CLAZER6', 4),
(333, '3MYC7', 4),
(334, 'JOVAI8', 2),
(334, 'PHYSOI8', 4),
(335, 'LITHOR12', 2),
(335, 'PHYSOI8', 3),
(336, 'PHYSOI8', 3),
(337, 'APATOUX22', 4),
(338, 'BITALV', 2),
(338, 'EVILR7', 4),
(339, 'EQUILARX6', 1),
(339, 'TXISOL22', 3),
(340, 'EQUILARX6', 1),
(340, 'PIRIZ8', 1),
(341, 'EQUILARX6', 3),
(341, 'JOVAI8', 4),
(342, 'POMDI20', 1),
(343, 'AMOX45', 3),
(343, 'EQUILARX6', 1),
(344, 'EQUILARX6', 1),
(345, 'TROXT21', 3),
(346, 'BITALV', 3),
(346, 'JOVAI8', 3),
(347, 'PHYSOI8', 2),
(348, 'AMOXIG12', 2),
(349, 'BITALV', 2),
(349, 'DIMIRTAM6', 3),
(350, 'PARMOL16', 4),
(351, 'DIMIRTAM6', 3),
(352, 'LIDOXY23', 1),
(352, 'PIRIZ8', 1),
(353, 'CLAZER6', 1),
(353, 'TROXT21', 1),
(354, 'BITALV', 3),
(354, 'PHYSOI8', 1),
(355, 'AMOX45', 4),
(355, 'AMOXIG12', 3),
(356, 'BACTIG10', 2),
(356, 'PIRIZ8', 3),
(357, 'EQUILARX6', 3),
(358, 'CLAZER6', 2),
(359, 'APATOUX22', 1),
(359, 'LIDOXY23', 3),
(360, 'PIRIZ8', 4),
(360, 'TROXT21', 1),
(361, 'AMOPIL7', 4),
(362, 'EQUILARX6', 3),
(363, 'APATOUX22', 1),
(363, 'DEPRIL9', 3),
(364, 'PHYSOI8', 3),
(365, 'TROXT21', 2),
(366, 'DEPRIL9', 4),
(366, 'LIDOXY23', 3),
(367, 'APATOUX22', 1),
(367, 'DIMIRTAM6', 1),
(368, 'CARTION6', 2),
(369, 'BACTIV13', 1),
(369, 'JOVAI8', 3),
(370, 'BACTIV13', 2),
(371, 'PIRIZ8', 4),
(371, 'TROXT21', 4),
(372, 'INSXT5', 3),
(373, '3MYC7', 2),
(374, 'ADIMOL9', 2),
(374, 'DIMIRTAM6', 1),
(375, 'BITALV', 4),
(375, 'POMDI20', 1),
(376, 'AMOXIG12', 1),
(376, 'BITALV', 3),
(377, 'ADIMOL9', 4),
(377, 'DEPRIL9', 1),
(378, 'ADIMOL9', 1),
(378, 'DIMIRTAM6', 4),
(379, 'EQUILARX6', 2),
(379, 'PARMOL16', 3),
(380, 'AMOPIL7', 1),
(381, 'PARMOL16', 4),
(381, 'PHYSOI8', 2),
(382, 'TROXT21', 1),
(383, 'DEPRIL9', 3),
(383, 'LITHOR12', 4),
(384, 'INSXT5', 4),
(385, 'BACTIG10', 4),
(386, 'ADIMOL9', 4),
(386, 'POMDI20', 2),
(387, 'DOLRIL7', 4),
(388, 'APATOUX22', 3),
(388, 'TXISOL22', 2),
(389, 'BACTIV13', 2),
(390, '3MYC7', 2),
(391, 'AMOX45', 3),
(391, 'AMOXIG12', 3),
(392, 'ADIMOL9', 1),
(393, 'CARTION6', 4),
(394, 'AMOPIL7', 4),
(394, 'AMOX45', 2),
(395, 'DEPRIL9', 2),
(395, 'PHYSOI8', 4),
(396, 'ADIMOL9', 2),
(396, 'BITALV', 4),
(397, 'DOLRIL7', 4),
(397, 'TXISOL22', 3),
(398, 'PHYSOI8', 4),
(399, 'PHYSOI8', 4),
(400, 'LITHOR12', 3),
(400, 'TROXT21', 4),
(401, 'DORNOM8', 4),
(402, 'DEPRIL9', 1),
(403, 'INSXT5', 2),
(404, 'PARMOL16', 1),
(405, 'ADIMOL9', 1),
(405, 'BITALV', 4),
(406, 'DORNOM8', 3),
(406, 'LITHOR12', 1),
(407, 'CLAZER6', 4),
(408, 'DIMIRTAM6', 2),
(409, 'AMOXIG12', 3),
(409, 'LIDOXY23', 4),
(410, 'CARTION6', 3),
(410, 'DEPRIL9', 4),
(411, 'DOLRIL7', 3),
(412, 'AMOPIL7', 4),
(412, 'JOVAI8', 3),
(413, 'BITALV', 4),
(414, 'PIRIZ8', 2),
(415, 'APATOUX22', 3),
(415, 'EQUILARX6', 1),
(416, '3MYC7', 1),
(416, 'BACTIV13', 2),
(417, 'BITALV', 3),
(418, 'ADIMOL9', 2),
(418, 'DOLRIL7', 4),
(419, 'CARTION6', 3),
(420, 'CARTION6', 3),
(421, 'TXISOL22', 1),
(422, 'TXISOL22', 2),
(423, 'DEPRIL9', 2),
(423, 'PIRIZ8', 1),
(424, 'PIRIZ8', 2),
(425, 'PARMOL16', 3),
(426, 'EVILR7', 2),
(426, 'PARMOL16', 3),
(427, 'EVILR7', 2),
(427, 'LIDOXY23', 4),
(428, 'EVILR7', 3),
(428, 'TROXT21', 2),
(429, 'AMOXIG12', 3),
(429, 'PHYSOI8', 2),
(430, 'AMOPIL7', 4),
(430, 'LITHOR12', 1),
(431, 'BACTIV13', 2),
(432, '3MYC7', 4),
(433, 'DIMIRTAM6', 3),
(433, 'EQUILARX6', 3),
(434, 'AMOPIL7', 4),
(434, 'DEPRIL9', 3),
(435, 'BACTIV13', 2),
(436, 'BACTIV13', 3),
(436, 'DOLRIL7', 1),
(437, '3MYC7', 4),
(437, 'AMOXIG12', 2),
(438, 'PHYSOI8', 4),
(439, 'BACTIV13', 2),
(439, 'DEPRIL9', 1),
(440, 'JOVAI8', 1),
(441, 'AMOXIG12', 4),
(441, 'CARTION6', 3),
(442, 'LITHOR12', 2),
(443, '3MYC7', 2),
(443, 'PHYSOI8', 3),
(444, 'LITHOR12', 1),
(444, 'POMDI20', 3),
(445, '3MYC7', 4),
(445, 'PARMOL16', 1),
(446, 'LITHOR12', 4),
(446, 'PIRIZ8', 3),
(447, 'AMOPIL7', 3),
(447, 'AMOXIG12', 1),
(448, 'TXISOL22', 1),
(449, 'AMOXIG12', 2),
(449, 'DIMIRTAM6', 2),
(450, 'DEPRIL9', 1),
(450, 'PHYSOI8', 1),
(451, 'TROXT21', 3),
(452, 'DORNOM8', 1),
(453, 'JOVAI8', 1),
(454, 'TROXT21', 1),
(455, 'AMOPIL7', 3),
(455, 'PHYSOI8', 1),
(456, 'BACTIG10', 1),
(456, 'PHYSOI8', 1),
(457, 'EVILR7', 4),
(457, 'PARMOL16', 1),
(458, 'LIDOXY23', 1),
(459, 'TXISOL22', 3),
(460, 'AMOX45', 3),
(460, 'DORNOM8', 4),
(461, 'ADIMOL9', 3),
(461, 'POMDI20', 1),
(462, 'AMOXIG12', 2),
(462, 'EQUILARX6', 3),
(463, 'AMOXIG12', 1),
(464, 'CLAZER6', 3),
(464, 'LITHOR12', 1),
(465, 'LITHOR12', 2),
(466, 'CARTION6', 2),
(466, 'TROXT21', 1),
(467, 'PIRIZ8', 2),
(467, 'TXISOL22', 3),
(468, 'TXISOL22', 4),
(469, 'CARTION6', 4),
(469, 'PARMOL16', 3),
(470, 'EVILR7', 3),
(471, 'BACTIG10', 4),
(472, 'AMOX45', 2),
(472, 'EQUILARX6', 1),
(473, 'BITALV', 4),
(473, 'CLAZER6', 2),
(474, 'JOVAI8', 2),
(474, 'TROXT21', 1),
(475, 'AMOXIG12', 4),
(476, 'APATOUX22', 1),
(476, 'BACTIG10', 1),
(477, 'DEPRIL9', 2),
(477, 'EVILR7', 4),
(478, 'AMOX45', 3),
(478, 'PIRIZ8', 1),
(479, 'CLAZER6', 4),
(480, 'DEPRIL9', 2),
(481, '3MYC7', 2),
(481, 'EQUILARX6', 3),
(482, 'AMOPIL7', 2),
(483, 'JOVAI8', 4),
(484, 'EQUILARX6', 2),
(485, 'PARMOL16', 2),
(485, 'TXISOL22', 3),
(486, 'APATOUX22', 3),
(486, 'TROXT21', 4),
(487, 'DORNOM8', 4),
(488, 'BACTIV13', 4),
(488, 'PARMOL16', 3),
(489, 'BACTIG10', 3),
(489, 'INSXT5', 4),
(490, 'DIMIRTAM6', 3),
(490, 'DORNOM8', 3),
(491, 'INSXT5', 1),
(492, 'AMOX45', 3),
(492, 'INSXT5', 1),
(493, 'AMOX45', 2),
(493, 'EVILR7', 2),
(494, 'CARTION6', 2),
(495, 'CLAZER6', 3),
(496, 'JOVAI8', 4),
(496, 'PHYSOI8', 2),
(497, 'JOVAI8', 3),
(497, 'LIDOXY23', 1),
(498, 'DEPRIL9', 3),
(498, 'DORNOM8', 2),
(499, 'BITALV', 2),
(499, 'EQUILARX6', 2),
(500, 'DOLRIL7', 2),
(501, 'BITALV', 3),
(502, 'APATOUX22', 2),
(503, 'BITALV', 2),
(504, '3MYC7', 1),
(505, 'BITALV', 4),
(506, '3MYC7', 2),
(507, 'CARTION6', 2),
(507, 'LITHOR12', 1),
(508, 'PARMOL16', 4),
(509, 'ADIMOL9', 1),
(509, 'LIDOXY23', 4),
(510, 'CARTION6', 1),
(511, 'CARTION6', 2),
(512, 'DORNOM8', 3),
(513, 'APATOUX22', 3),
(514, 'EVILR7', 2),
(515, 'DOLRIL7', 3),
(516, 'BACTIV13', 1),
(517, 'AMOX45', 4),
(517, 'EVILR7', 2),
(518, 'JOVAI8', 2),
(519, 'BACTIG10', 4),
(519, 'EQUILARX6', 3),
(520, 'PARMOL16', 1),
(520, 'PHYSOI8', 3),
(521, 'POMDI20', 4),
(521, 'TXISOL22', 4),
(522, 'AMOXIG12', 3),
(523, 'ADIMOL9', 1),
(523, 'DEPRIL9', 3),
(524, 'PARMOL16', 1),
(524, 'PHYSOI8', 1),
(525, 'PIRIZ8', 1),
(526, 'CARTION6', 1),
(527, 'BITALV', 2),
(527, 'PARMOL16', 3),
(528, 'EQUILARX6', 4),
(528, 'JOVAI8', 4),
(529, 'BACTIV13', 1),
(530, 'AMOX45', 4),
(530, 'DIMIRTAM6', 3),
(531, 'BACTIV13', 3),
(532, 'DEPRIL9', 4),
(532, 'DIMIRTAM6', 4),
(533, 'EQUILARX6', 1),
(533, 'TXISOL22', 3),
(534, 'INSXT5', 3),
(535, 'APATOUX22', 3),
(536, 'AMOX45', 4),
(536, 'PIRIZ8', 4),
(537, 'APATOUX22', 1),
(538, 'AMOPIL7', 2),
(538, 'PARMOL16', 1),
(539, 'CLAZER6', 2),
(540, 'DEPRIL9', 4),
(541, 'LIDOXY23', 4),
(542, 'AMOXIG12', 4),
(542, 'PARMOL16', 3),
(543, 'AMOXIG12', 3),
(544, 'DORNOM8', 4),
(545, 'EQUILARX6', 3),
(546, 'CLAZER6', 4),
(547, 'BACTIG10', 4),
(548, 'AMOX45', 3),
(548, 'DIMIRTAM6', 4),
(549, 'AMOXIG12', 4),
(549, 'EQUILARX6', 2),
(550, 'PHYSOI8', 4),
(551, 'EVILR7', 4),
(551, 'PIRIZ8', 1),
(552, 'PARMOL16', 4),
(552, 'POMDI20', 2),
(553, 'AMOXIG12', 1),
(553, 'PHYSOI8', 4),
(554, 'JOVAI8', 3),
(555, 'AMOX45', 4),
(555, 'POMDI20', 2),
(556, 'AMOXIG12', 1),
(556, 'DORNOM8', 1),
(557, 'ADIMOL9', 1),
(558, 'AMOPIL7', 2),
(559, 'DORNOM8', 4),
(559, 'TROXT21', 2),
(560, 'ADIMOL9', 4),
(560, 'DEPRIL9', 4),
(561, 'BACTIV13', 3),
(562, 'BITALV', 4),
(562, 'POMDI20', 4),
(563, 'ADIMOL9', 1),
(563, 'LIDOXY23', 4),
(564, 'BITALV', 1),
(565, 'EQUILARX6', 3),
(566, 'ADIMOL9', 3),
(566, 'AMOX45', 1),
(567, 'POMDI20', 3),
(568, 'LIDOXY23', 3),
(569, 'EVILR7', 2),
(569, 'TXISOL22', 4),
(570, 'BITALV', 2);

-- --------------------------------------------------------

--
-- Structure de la table `rapport`
--

CREATE TABLE IF NOT EXISTS `rapport` (
  `id` int(11) NOT NULL AUTO_INCREMENT,
  `date` date DEFAULT NULL,
  `motif` varchar(100) DEFAULT NULL,
  `bilan` varchar(100) DEFAULT NULL,
  `idVisiteur` char(4) NOT NULL,
  `idMedecin` int(11) NOT NULL,
  PRIMARY KEY (`id`),
  KEY `rapport_fk1` (`idVisiteur`),
  KEY `rapport_fk2` (`idMedecin`)
) ENGINE=InnoDB  DEFAULT CHARSET=latin1 AUTO_INCREMENT=571 ;

--
-- Contenu de la table `rapport`
--

INSERT INTO `rapport` (`id`, `date`, `motif`, `bilan`, `idVisiteur`, `idMedecin`) VALUES
(1, '2012-10-02', 'Installation nouvelle', 'Trop pressé', 'b16', 963),
(2, '2012-10-02', 'Demande du médecin', 'Très aimable maintenir un contact régulier', 'a93', 4),
(3, '2012-10-02', 'Demande du médecin', 'Trop pressé', 'a93', 86),
(4, '2012-10-02', 'recommandation de confrère', 'Visite positive', 'a131', 725),
(5, '2012-10-02', 'recommandation de confrère', 'Pas intéressé du tout', 'e49', 570),
(6, '2012-10-02', 'Installation nouvelle', 'Sur sa réserve', 'b13', 82),
(7, '2012-10-02', 'Visite annuelle', 'Pas intéressé du tout', 'b25', 521),
(8, '2012-10-02', 'Prise de contact', 'Très fixé sur les produits utilisés', 'd13', 639),
(9, '2012-10-02', 'Demande du médecin', 'Visite positive', 'b16', 863),
(10, '2012-10-02', 'Demande du médecin', 'A revoir assez rapidement', 'e39', 475),
(11, '2012-10-02', 'recommandation de confrère', 'Très aimable maintenir un contact régulier', 'e39', 575),
(12, '2012-10-02', 'Installation nouvelle', 'A revoir assez rapidement', 'b19', 268),
(13, '2012-10-02', 'Installation nouvelle', 'Demande à me revoir dans un mois', 'c14', 754),
(14, '2012-10-02', 'recommandation de confrère', 'Très aimable maintenir un contact régulier', 'b50', 421),
(15, '2012-10-02', 'Prise de contact', 'Sur sa réserve', 'e5', 11),
(16, '2012-10-02', 'Visite annuelle', 'Pas très aimable', 'b59', 791),
(17, '2012-10-02', 'Visite annuelle', 'Très fixé sur les produits utilisés', 'e5', 28),
(18, '2012-10-02', 'Installation nouvelle', 'Sur sa réserve', 'c14', 662),
(19, '2012-10-02', 'Prise de contact', 'Très aimable maintenir un contact régulier', 'e24', 365),
(20, '2012-10-02', 'Demande du médecin', 'Pas très aimable', 'b28', 882),
(21, '2012-10-03', 'Visite annuelle', 'RAS', 'e39', 727),
(22, '2012-10-03', 'recommandation de confrère', 'Visite positive', 'e39', 882),
(23, '2012-10-03', 'Demande du médecin', 'Demande à me revoir dans un mois', 'b34', 69),
(24, '2012-10-03', 'Demande du médecin', 'Demande à me revoir dans un mois', 'b4', 200),
(25, '2012-10-03', 'recommandation de confrère', 'RAS', 'c3', 265),
(26, '2012-10-03', 'Demande du médecin', 'A revoir assez rapidement', 'd13', 589),
(27, '2012-10-03', 'Demande du médecin', 'Visite positive', 'b25', 471),
(28, '2012-10-03', 'Prise de contact', 'Très intéressé par les produits présentés', 'a131', 935),
(29, '2012-10-03', 'recommandation de confrère', 'Peu bavard', 'f21', 41),
(30, '2012-10-03', 'recommandation de confrère', 'Demande à me revoir dans un mois', 'e39', 148),
(31, '2012-10-03', 'Installation nouvelle', 'Peu bavard', 'd13', 820),
(32, '2012-10-03', 'recommandation de confrère', 'Très fixé sur les produits utilisés', 'b28', 691),
(33, '2012-10-03', 'recommandation de confrère', 'A beaucoup appécié notre rencontre', 'c14', 381),
(34, '2012-10-03', 'Visite annuelle', 'Très intéressé par les produits présentés', 'c14', 818),
(35, '2012-10-03', 'Demande du médecin', 'A revoir assez rapidement', 'b59', 153),
(36, '2012-10-03', 'Prise de contact', 'Très aimable maintenir un contact régulier', 'b25', 321),
(37, '2012-10-03', 'Installation nouvelle', 'Jeune médecin découvrant les visiteurs', 'b19', 352),
(38, '2012-10-03', 'recommandation de confrère', 'Très aimable maintenir un contact régulier', 'b34', 86),
(39, '2012-10-03', 'Demande du médecin', 'Jeune médecin découvrant les visiteurs', 'c54', 404),
(40, '2012-10-03', 'Prise de contact', 'Visite positive', 'e39', 803),
(41, '2012-10-04', 'Prise de contact', 'Pas très aimable', 'c14', 34),
(42, '2012-10-04', 'Prise de contact', 'Trop pressé', 'e52', 738),
(43, '2012-10-04', 'Prise de contact', 'Sur sa réserve', 'd51', 628),
(44, '2012-10-04', 'Demande du médecin', 'Trop pressé', 'c3', 356),
(45, '2012-10-04', 'Installation nouvelle', 'Très aimable maintenir un contact régulier', 'a17', 388),
(46, '2012-10-04', 'Visite annuelle', 'Peu bavard', 'e5', 590),
(47, '2012-10-04', 'Visite annuelle', 'Jeune médecin découvrant les visiteurs', 'b13', 603),
(48, '2012-10-04', 'Prise de contact', 'Très intéressé par les produits présentés', 'b16', 551),
(49, '2012-10-04', 'Prise de contact', 'Trop pressé', 'd13', 995),
(50, '2012-10-04', 'recommandation de confrère', 'Pas intéressé du tout', 'e24', 115),
(51, '2012-10-04', 'Prise de contact', 'A beaucoup appécié notre rencontre', 'e5', 680),
(52, '2012-10-04', 'Installation nouvelle', 'Pas en confiance', 'e39', 564),
(53, '2012-10-04', 'recommandation de confrère', 'A revoir assez rapidement', 'e22', 281),
(54, '2012-10-04', 'Installation nouvelle', 'Jeune médecin découvrant les visiteurs', 'c54', 542),
(55, '2012-10-04', 'Installation nouvelle', 'Peu intéressé', 'e5', 137),
(56, '2012-10-04', 'Prise de contact', 'Très aimable maintenir un contact régulier', 'b19', 362),
(57, '2012-10-04', 'recommandation de confrère', 'Très intéressé par les produits présentés', 'b16', 633),
(58, '2012-10-04', 'Visite annuelle', 'Pas très aimable', 'c14', 424),
(59, '2012-10-04', 'Prise de contact', 'Peu bavard', 'e52', 663),
(60, '2012-10-04', 'Visite annuelle', 'A revoir assez rapidement', 'e5', 437),
(61, '2012-10-05', 'Installation nouvelle', 'Pas très aimable', 'e24', 264),
(62, '2012-10-05', 'Demande du médecin', 'Peu bavard', 'e39', 7),
(63, '2012-10-05', 'Visite annuelle', 'Très intéressé par les produits présentés', 'b25', 895),
(64, '2012-10-05', 'Prise de contact', 'Pas très aimable', 'd13', 182),
(65, '2012-10-05', 'Demande du médecin', 'A beaucoup appécié notre rencontre', 'e24', 594),
(66, '2012-10-05', 'Prise de contact', 'Sur sa réserve', 'c3', 285),
(67, '2012-10-05', 'Installation nouvelle', 'Pas intéressé du tout', 'e22', 834),
(68, '2012-10-05', 'Prise de contact', 'Peu bavard', 'b50', 531),
(69, '2012-10-05', 'Visite annuelle', 'Jeune médecin découvrant les visiteurs', 'b59', 873),
(70, '2012-10-05', 'Prise de contact', 'Peu bavard', 'f39', 976),
(71, '2012-10-05', 'Demande du médecin', 'A revoir assez rapidement', 'c54', 913),
(72, '2012-10-05', 'Demande du médecin', 'Trop pressé', 'a131', 931),
(73, '2012-10-05', 'Demande du médecin', 'Pas en confiance', 'b4', 571),
(74, '2012-10-05', 'Prise de contact', 'Pas intéressé du tout', 'e52', 487),
(75, '2012-10-05', 'Visite annuelle', 'Très fixé sur les produits utilisés', 'c54', 78),
(76, '2012-10-05', 'Demande du médecin', 'Peu bavard', 'b59', 103),
(77, '2012-10-05', 'Installation nouvelle', 'Pas en confiance', 'e5', 991),
(78, '2012-10-05', 'Visite annuelle', 'Demande à me revoir dans un mois', 'd13', 290),
(79, '2012-10-05', 'Prise de contact', 'Demande à me revoir dans un mois', 'b19', 314),
(80, '2012-10-05', 'Prise de contact', 'Trop pressé', 'f39', 43),
(81, '2012-10-06', 'Demande du médecin', 'Demande à me revoir dans un mois', 'c14', 797),
(82, '2012-10-06', 'Prise de contact', 'Peu intéressé', 'a55', 747),
(83, '2012-10-06', 'Prise de contact', 'RAS', 'e49', 97),
(84, '2012-10-06', 'Prise de contact', 'Peu intéressé', 'e24', 389),
(85, '2012-10-06', 'Installation nouvelle', 'Très fixé sur les produits utilisés', 'b25', 550),
(86, '2012-10-06', 'Installation nouvelle', 'RAS', 'e39', 546),
(87, '2012-10-06', 'Visite annuelle', 'Très intéressé par les produits présentés', 'a131', 643),
(88, '2012-10-06', 'Visite annuelle', 'Pas très aimable', 'e52', 410),
(89, '2012-10-06', 'Prise de contact', 'A beaucoup appécié notre rencontre', 'e39', 422),
(90, '2012-10-06', 'Prise de contact', 'Pas en confiance', 'c3', 765),
(91, '2012-10-06', 'Installation nouvelle', 'Très intéressé par les produits présentés', 'b59', 117),
(92, '2012-10-06', 'recommandation de confrère', 'A beaucoup appécié notre rencontre', 'e5', 638),
(93, '2012-10-06', 'Visite annuelle', 'Visite positive', 'c54', 96),
(94, '2012-10-06', 'Demande du médecin', 'Très fixé sur les produits utilisés', 'b19', 257),
(95, '2012-10-06', 'recommandation de confrère', 'Peu bavard', 'e22', 465),
(96, '2012-10-06', 'recommandation de confrère', 'Très fixé sur les produits utilisés', 'e22', 907),
(97, '2012-10-06', 'Visite annuelle', 'Jeune médecin découvrant les visiteurs', 'd13', 871),
(98, '2012-10-06', 'Visite annuelle', 'Très aimable maintenir un contact régulier', 'f39', 15),
(99, '2012-10-06', 'recommandation de confrère', 'A beaucoup appécié notre rencontre', 'e52', 676),
(100, '2012-10-06', 'Prise de contact', 'Pas en confiance', 'c54', 569),
(101, '2012-10-07', 'Demande du médecin', 'Jeune médecin découvrant les visiteurs', 'd13', 158),
(102, '2012-10-07', 'recommandation de confrère', 'Visite positive', 'a131', 32),
(103, '2012-10-07', 'Demande du médecin', 'A beaucoup appécié notre rencontre', 'b50', 434),
(104, '2012-10-07', 'recommandation de confrère', 'Très intéressé par les produits présentés', 'e52', 181),
(105, '2012-10-07', 'Demande du médecin', 'Pas très aimable', 'a131', 525),
(106, '2012-10-07', 'recommandation de confrère', 'RAS', 'c14', 687),
(107, '2012-10-07', 'recommandation de confrère', 'Pas très aimable', 'b13', 867),
(108, '2012-10-07', 'Prise de contact', 'Pas très aimable', 'e22', 302),
(109, '2012-10-07', 'Demande du médecin', 'Sur sa réserve', 'b19', 455),
(110, '2012-10-07', 'recommandation de confrère', 'A beaucoup appécié notre rencontre', 'e52', 278),
(111, '2012-10-07', 'Demande du médecin', 'Pas très aimable', 'c54', 572),
(112, '2012-10-07', 'recommandation de confrère', 'A beaucoup appécié notre rencontre', 'a131', 863),
(113, '2012-10-07', 'Prise de contact', 'Pas en confiance', 'b25', 959),
(114, '2012-10-07', 'Installation nouvelle', 'Très intéressé par les produits présentés', 'd51', 205),
(115, '2012-10-07', 'recommandation de confrère', 'Peu intéressé', 'b19', 413),
(116, '2012-10-07', 'Installation nouvelle', 'Sur sa réserve', 'b59', 698),
(117, '2012-10-07', 'recommandation de confrère', 'Sur sa réserve', 'a17', 857),
(118, '2012-10-07', 'recommandation de confrère', 'Très fixé sur les produits utilisés', 'b28', 833),
(119, '2012-10-07', 'Installation nouvelle', 'Pas en confiance', 'a93', 308),
(120, '2012-10-07', 'Prise de contact', 'Peu bavard', 'e39', 362),
(121, '2012-10-08', 'Prise de contact', 'Pas intéressé du tout', 'b25', 803),
(122, '2012-10-08', 'Demande du médecin', 'Demande à me revoir dans un mois', 'd13', 291),
(123, '2012-10-08', 'Prise de contact', 'RAS', 'c54', 910),
(124, '2012-10-08', 'Demande du médecin', 'Très fixé sur les produits utilisés', 'd13', 205),
(125, '2012-10-08', 'Visite annuelle', 'Peu intéressé', 'e24', 775),
(126, '2012-10-08', 'Prise de contact', 'Sur sa réserve', 'a17', 126),
(127, '2012-10-08', 'Demande du médecin', 'Très fixé sur les produits utilisés', 'b25', 926),
(128, '2012-10-08', 'recommandation de confrère', 'Très aimable maintenir un contact régulier', 'e39', 906),
(129, '2012-10-08', 'Visite annuelle', 'Peu intéressé', 'e5', 365),
(130, '2012-10-08', 'recommandation de confrère', 'Pas en confiance', 'b4', 62),
(131, '2012-10-08', 'Prise de contact', 'Demande à me revoir dans un mois', 'b4', 779),
(132, '2012-10-08', 'recommandation de confrère', 'Jeune médecin découvrant les visiteurs', 'c14', 172),
(133, '2012-10-08', 'Visite annuelle', 'Peu bavard', 'b16', 522),
(134, '2012-10-08', 'Demande du médecin', 'RAS', 'e5', 403),
(135, '2012-10-08', 'Demande du médecin', 'Sur sa réserve', 'b4', 845),
(136, '2012-10-08', 'Prise de contact', 'Pas en confiance', 'b34', 104),
(137, '2012-10-08', 'Demande du médecin', 'Trop pressé', 'e24', 404),
(138, '2012-10-08', 'Installation nouvelle', 'Pas intéressé du tout', 'b28', 397),
(139, '2012-10-08', 'Prise de contact', 'Pas en confiance', 'b25', 707),
(140, '2012-10-08', 'Installation nouvelle', 'Pas intéressé du tout', 'b19', 959),
(141, '2012-10-09', 'recommandation de confrère', 'Très intéressé par les produits présentés', 'e39', 986),
(142, '2012-10-09', 'Visite annuelle', 'Pas intéressé du tout', 'e22', 143),
(143, '2012-10-09', 'Visite annuelle', 'Très fixé sur les produits utilisés', 'a55', 735),
(144, '2012-10-09', 'Demande du médecin', 'A beaucoup appécié notre rencontre', 'c54', 788),
(145, '2012-10-09', 'Prise de contact', 'Pas intéressé du tout', 'c14', 186),
(146, '2012-10-09', 'Installation nouvelle', 'Sur sa réserve', 'c14', 871),
(147, '2012-10-09', 'Installation nouvelle', 'Visite positive', 'a131', 511),
(148, '2012-10-09', 'Installation nouvelle', 'Sur sa réserve', 'd13', 996),
(149, '2012-10-09', 'recommandation de confrère', 'Très fixé sur les produits utilisés', 'f21', 351),
(150, '2012-10-09', 'recommandation de confrère', 'Très aimable maintenir un contact régulier', 'f21', 992),
(151, '2012-10-09', 'recommandation de confrère', 'Pas très aimable', 'b4', 205),
(152, '2012-10-09', 'Visite annuelle', 'Pas très aimable', 'a93', 936),
(153, '2012-10-09', 'Visite annuelle', 'Très fixé sur les produits utilisés', 'b25', 484),
(154, '2012-10-09', 'Installation nouvelle', 'Très intéressé par les produits présentés', 'b25', 790),
(155, '2012-10-09', 'Prise de contact', 'Peu intéressé', 'b34', 328),
(156, '2012-10-09', 'Demande du médecin', 'A revoir assez rapidement', 'b4', 834),
(157, '2012-10-09', 'recommandation de confrère', 'Très intéressé par les produits présentés', 'e49', 826),
(158, '2012-10-09', 'Installation nouvelle', 'A revoir assez rapidement', 'e5', 41),
(159, '2012-10-09', 'Demande du médecin', 'A beaucoup appécié notre rencontre', 'b16', 52),
(160, '2012-10-09', 'Installation nouvelle', 'Très aimable maintenir un contact régulier', 'e22', 52),
(161, '2012-10-10', 'Installation nouvelle', 'Très intéressé par les produits présentés', 'b4', 237),
(162, '2012-10-10', 'recommandation de confrère', 'Sur sa réserve', 'b19', 829),
(163, '2012-10-10', 'Visite annuelle', 'Sur sa réserve', 'e24', 973),
(164, '2012-10-10', 'Visite annuelle', 'Trop pressé', 'e24', 789),
(165, '2012-10-10', 'Demande du médecin', 'A beaucoup appécié notre rencontre', 'b4', 31),
(166, '2012-10-10', 'Installation nouvelle', 'Pas intéressé du tout', 'b25', 858),
(167, '2012-10-10', 'Installation nouvelle', 'Pas intéressé du tout', 'a93', 210),
(168, '2012-10-10', 'recommandation de confrère', 'A revoir assez rapidement', 'a17', 278),
(169, '2012-10-10', 'Demande du médecin', 'Pas intéressé du tout', 'd13', 144),
(170, '2012-10-10', 'Installation nouvelle', 'Sur sa réserve', 'f21', 665),
(171, '2012-10-10', 'recommandation de confrère', 'RAS', 'd51', 495),
(172, '2012-10-10', 'Prise de contact', 'Peu intéressé', 'a131', 701),
(173, '2012-10-10', 'Installation nouvelle', 'Jeune médecin découvrant les visiteurs', 'e5', 180),
(174, '2012-10-10', 'recommandation de confrère', 'Pas en confiance', 'b25', 414),
(175, '2012-10-10', 'Installation nouvelle', 'A beaucoup appécié notre rencontre', 'd13', 628),
(176, '2012-10-10', 'recommandation de confrère', 'RAS', 'f39', 925),
(177, '2012-10-10', 'Visite annuelle', 'Très fixé sur les produits utilisés', 'e39', 711),
(178, '2012-10-10', 'Visite annuelle', 'Pas très aimable', 'a131', 22),
(179, '2012-10-10', 'Installation nouvelle', 'Pas en confiance', 'b13', 738),
(180, '2012-10-10', 'Installation nouvelle', 'Demande à me revoir dans un mois', 'b34', 696),
(181, '2012-10-11', 'Demande du médecin', 'Très fixé sur les produits utilisés', 'b50', 452),
(182, '2012-10-11', 'Demande du médecin', 'Visite positive', 'b34', 506),
(183, '2012-10-11', 'recommandation de confrère', 'A revoir assez rapidement', 'b34', 228),
(184, '2012-10-11', 'Prise de contact', 'Très aimable maintenir un contact régulier', 'd51', 806),
(185, '2012-10-11', 'Visite annuelle', 'Pas en confiance', 'b4', 9),
(186, '2012-10-11', 'Visite annuelle', 'Très aimable maintenir un contact régulier', 'e22', 159),
(187, '2012-10-11', 'Prise de contact', 'Visite positive', 'c3', 202),
(188, '2012-10-11', 'Prise de contact', 'Pas très aimable', 'e39', 974),
(189, '2012-10-11', 'Visite annuelle', 'Peu intéressé', 'b4', 543),
(190, '2012-10-11', 'Installation nouvelle', 'A beaucoup appécié notre rencontre', 'c14', 208),
(191, '2012-10-11', 'Visite annuelle', 'Pas intéressé du tout', 'e22', 793),
(192, '2012-10-11', 'Demande du médecin', 'Demande à me revoir dans un mois', 'b59', 281),
(193, '2012-10-11', 'Visite annuelle', 'Très aimable maintenir un contact régulier', 'e22', 892),
(194, '2012-10-11', 'Demande du médecin', 'Très aimable maintenir un contact régulier', 'c3', 917),
(195, '2012-10-11', 'Installation nouvelle', 'Pas intéressé du tout', 'a17', 561),
(196, '2012-10-11', 'Demande du médecin', 'Sur sa réserve', 'f39', 428),
(197, '2012-10-11', 'Prise de contact', 'Jeune médecin découvrant les visiteurs', 'a17', 618),
(198, '2012-10-11', 'recommandation de confrère', 'Sur sa réserve', 'b16', 531),
(199, '2012-10-11', 'Visite annuelle', 'A revoir assez rapidement', 'e5', 874),
(200, '2012-10-11', 'Prise de contact', 'Peu intéressé', 'e52', 625),
(201, '2012-10-12', 'Demande du médecin', 'Pas intéressé du tout', 'a93', 153),
(202, '2012-10-12', 'recommandation de confrère', 'Peu intéressé', 'c3', 816),
(203, '2012-10-12', 'Demande du médecin', 'Très fixé sur les produits utilisés', 'e39', 330),
(204, '2012-10-12', 'Prise de contact', 'Peu bavard', 'e52', 978),
(205, '2012-10-12', 'Demande du médecin', 'Pas intéressé du tout', 'b34', 871),
(206, '2012-10-12', 'Installation nouvelle', 'Visite positive', 'b34', 928),
(207, '2012-10-12', 'Visite annuelle', 'Sur sa réserve', 'e22', 192),
(208, '2012-10-12', 'Prise de contact', 'Trop pressé', 'b28', 851),
(209, '2012-10-12', 'Demande du médecin', 'Jeune médecin découvrant les visiteurs', 'b16', 4),
(210, '2012-10-12', 'Visite annuelle', 'Visite positive', 'c3', 532),
(211, '2012-10-12', 'recommandation de confrère', 'A revoir assez rapidement', 'b19', 445),
(212, '2012-10-12', 'Demande du médecin', 'Visite positive', 'a17', 223),
(213, '2012-10-12', 'Demande du médecin', 'Peu intéressé', 'c54', 312),
(214, '2012-10-12', 'Prise de contact', 'RAS', 'e52', 503),
(215, '2012-10-12', 'recommandation de confrère', 'A revoir assez rapidement', 'f39', 709),
(216, '2012-10-12', 'Visite annuelle', 'Jeune médecin découvrant les visiteurs', 'b28', 693),
(217, '2012-10-12', 'Visite annuelle', 'Peu intéressé', 'f21', 47),
(218, '2012-10-12', 'Installation nouvelle', 'Peu intéressé', 'f39', 451),
(219, '2012-10-12', 'Installation nouvelle', 'Visite positive', 'a17', 502),
(220, '2012-10-12', 'Installation nouvelle', 'Peu intéressé', 'c54', 305),
(221, '2012-10-13', 'Visite annuelle', 'Très fixé sur les produits utilisés', 'e52', 581),
(222, '2012-10-13', 'Visite annuelle', 'RAS', 'b28', 346),
(223, '2012-10-13', 'Prise de contact', 'Pas en confiance', 'a17', 786),
(224, '2012-10-13', 'recommandation de confrère', 'Visite positive', 'b28', 422),
(225, '2012-10-13', 'recommandation de confrère', 'A beaucoup appécié notre rencontre', 'b25', 402),
(226, '2012-10-13', 'recommandation de confrère', 'RAS', 'b50', 391),
(227, '2012-10-13', 'recommandation de confrère', 'Sur sa réserve', 'c54', 699),
(228, '2012-10-13', 'recommandation de confrère', 'Jeune médecin découvrant les visiteurs', 'e52', 31),
(229, '2012-10-13', 'Installation nouvelle', 'Trop pressé', 'c54', 728),
(230, '2012-10-13', 'Prise de contact', 'Demande à me revoir dans un mois', 'c54', 155),
(231, '2012-10-13', 'Installation nouvelle', 'Pas très aimable', 'c14', 71),
(232, '2012-10-13', 'recommandation de confrère', 'A revoir assez rapidement', 'c54', 887),
(233, '2012-10-13', 'Prise de contact', 'Trop pressé', 'c54', 63),
(234, '2012-10-13', 'Installation nouvelle', 'A revoir assez rapidement', 'b4', 83),
(235, '2012-10-13', 'Visite annuelle', 'A beaucoup appécié notre rencontre', 'd13', 946),
(236, '2012-10-13', 'Prise de contact', 'Pas très aimable', 'b34', 139),
(237, '2012-10-13', 'recommandation de confrère', 'RAS', 'b13', 174),
(238, '2012-10-13', 'Demande du médecin', 'Pas très aimable', 'f21', 148),
(239, '2012-10-13', 'recommandation de confrère', 'Sur sa réserve', 'e39', 308),
(240, '2012-10-13', 'Prise de contact', 'Jeune médecin découvrant les visiteurs', 'c3', 740),
(241, '2012-10-14', 'Prise de contact', 'Pas en confiance', 'b16', 323),
(242, '2012-10-14', 'Installation nouvelle', 'Visite positive', 'b4', 440),
(243, '2012-10-14', 'Demande du médecin', 'A beaucoup appécié notre rencontre', 'e22', 986),
(244, '2012-10-14', 'Visite annuelle', 'Trop pressé', 'e22', 6),
(245, '2012-10-14', 'Demande du médecin', 'Jeune médecin découvrant les visiteurs', 'b19', 809),
(246, '2012-10-14', 'Visite annuelle', 'Jeune médecin découvrant les visiteurs', 'd13', 896),
(247, '2012-10-14', 'Installation nouvelle', 'Très fixé sur les produits utilisés', 'a93', 499),
(248, '2012-10-14', 'Prise de contact', 'Très intéressé par les produits présentés', 'c54', 639),
(249, '2012-10-14', 'recommandation de confrère', 'Peu intéressé', 'b4', 737),
(250, '2012-10-14', 'Prise de contact', 'RAS', 'b34', 979),
(251, '2012-10-14', 'Installation nouvelle', 'Pas en confiance', 'e52', 709),
(252, '2012-10-14', 'recommandation de confrère', 'Peu bavard', 'a17', 290),
(253, '2012-10-14', 'Prise de contact', 'Demande à me revoir dans un mois', 'a55', 121),
(254, '2012-10-14', 'Visite annuelle', 'Pas en confiance', 'e22', 116),
(255, '2012-10-14', 'Visite annuelle', 'Pas intéressé du tout', 'c54', 331),
(256, '2012-10-14', 'Installation nouvelle', 'Peu intéressé', 'a131', 204),
(257, '2012-10-14', 'recommandation de confrère', 'Très intéressé par les produits présentés', 'a131', 187),
(258, '2012-10-14', 'Demande du médecin', 'Peu bavard', 'c54', 172),
(259, '2012-10-14', 'Visite annuelle', 'Pas intéressé du tout', 'b13', 311),
(260, '2012-10-14', 'Prise de contact', 'Peu bavard', 'f39', 766),
(261, '2012-10-15', 'Prise de contact', 'Visite positive', 'a55', 634),
(262, '2012-10-15', 'Visite annuelle', 'Très fixé sur les produits utilisés', 'c14', 216),
(263, '2012-10-15', 'Demande du médecin', 'Pas intéressé du tout', 'e22', 119),
(264, '2012-10-15', 'Prise de contact', 'RAS', 'b19', 725),
(265, '2012-10-15', 'Installation nouvelle', 'Trop pressé', 'e24', 827),
(266, '2012-10-15', 'recommandation de confrère', 'Visite positive', 'a131', 412),
(267, '2012-10-15', 'Visite annuelle', 'Peu intéressé', 'a55', 837),
(268, '2012-10-15', 'Prise de contact', 'Jeune médecin découvrant les visiteurs', 'c3', 97),
(269, '2012-10-15', 'Demande du médecin', 'Visite positive', 'f21', 885),
(270, '2012-10-15', 'recommandation de confrère', 'Jeune médecin découvrant les visiteurs', 'b16', 484),
(271, '2012-10-15', 'Prise de contact', 'Visite positive', 'f39', 962),
(272, '2012-10-15', 'Demande du médecin', 'Très fixé sur les produits utilisés', 'e22', 9),
(273, '2012-10-15', 'Visite annuelle', 'Très fixé sur les produits utilisés', 'd13', 855),
(274, '2012-10-15', 'Visite annuelle', 'Sur sa réserve', 'e5', 545),
(275, '2012-10-15', 'Installation nouvelle', 'Trop pressé', 'b50', 94),
(276, '2012-10-15', 'Demande du médecin', 'Trop pressé', 'd51', 802),
(277, '2012-10-15', 'Installation nouvelle', 'Pas très aimable', 'e49', 598),
(278, '2012-10-15', 'Visite annuelle', 'Jeune médecin découvrant les visiteurs', 'e52', 291),
(279, '2012-10-15', 'Prise de contact', 'Pas intéressé du tout', 'b25', 97),
(280, '2012-10-15', 'recommandation de confrère', 'Très intéressé par les produits présentés', 'a93', 718),
(281, '2012-10-16', 'Visite annuelle', 'Très intéressé par les produits présentés', 'e49', 103),
(282, '2012-10-16', 'Installation nouvelle', 'Pas en confiance', 'e52', 128),
(283, '2012-10-16', 'recommandation de confrère', 'Jeune médecin découvrant les visiteurs', 'a55', 123),
(284, '2012-10-16', 'recommandation de confrère', 'Très intéressé par les produits présentés', 'a55', 866),
(285, '2012-10-16', 'Visite annuelle', 'Sur sa réserve', 'b19', 691),
(286, '2012-10-16', 'Installation nouvelle', 'Sur sa réserve', 'e52', 632),
(287, '2012-10-16', 'Prise de contact', 'Très aimable maintenir un contact régulier', 'b34', 896),
(288, '2012-10-16', 'recommandation de confrère', 'Demande à me revoir dans un mois', 'd51', 714),
(289, '2012-10-16', 'Prise de contact', 'Pas en confiance', 'e52', 284),
(290, '2012-10-16', 'recommandation de confrère', 'A beaucoup appécié notre rencontre', 'a131', 993),
(291, '2012-10-16', 'Installation nouvelle', 'Pas en confiance', 'c54', 717),
(292, '2012-10-16', 'Demande du médecin', 'Demande à me revoir dans un mois', 'b28', 375),
(293, '2012-10-16', 'Visite annuelle', 'Jeune médecin découvrant les visiteurs', 'f21', 697),
(294, '2012-10-16', 'recommandation de confrère', 'Jeune médecin découvrant les visiteurs', 'a17', 53),
(295, '2012-10-16', 'Visite annuelle', 'A revoir assez rapidement', 'c3', 446),
(296, '2012-10-16', 'Demande du médecin', 'RAS', 'b19', 236),
(297, '2012-10-16', 'Installation nouvelle', 'Jeune médecin découvrant les visiteurs', 'c3', 222),
(298, '2012-10-16', 'Visite annuelle', 'Visite positive', 'a131', 604),
(299, '2012-10-16', 'Visite annuelle', 'Pas intéressé du tout', 'a131', 959),
(300, '2012-10-16', 'Prise de contact', 'A revoir assez rapidement', 'b28', 743),
(301, '2012-10-17', 'recommandation de confrère', 'Peu bavard', 'e22', 483),
(302, '2012-10-17', 'recommandation de confrère', 'Peu bavard', 'e52', 135),
(303, '2012-10-17', 'Installation nouvelle', 'Visite positive', 'a55', 670),
(304, '2012-10-17', 'recommandation de confrère', 'Pas très aimable', 'd13', 659),
(305, '2012-10-17', 'Prise de contact', 'Très aimable maintenir un contact régulier', 'a131', 905),
(306, '2012-10-17', 'Demande du médecin', 'Très intéressé par les produits présentés', 'b13', 334),
(307, '2012-10-17', 'Prise de contact', 'Très aimable maintenir un contact régulier', 'c3', 570),
(308, '2012-10-17', 'Prise de contact', 'Très intéressé par les produits présentés', 'c14', 978),
(309, '2012-10-17', 'recommandation de confrère', 'Visite positive', 'b50', 349),
(310, '2012-10-17', 'Demande du médecin', 'Pas en confiance', 'b4', 742),
(311, '2012-10-17', 'Prise de contact', 'Jeune médecin découvrant les visiteurs', 'c3', 334),
(312, '2012-10-17', 'Installation nouvelle', 'Très aimable maintenir un contact régulier', 'c54', 577),
(313, '2012-10-17', 'Installation nouvelle', 'Très aimable maintenir un contact régulier', 'c14', 154),
(314, '2012-10-17', 'Visite annuelle', 'Très fixé sur les produits utilisés', 'c14', 871),
(315, '2012-10-17', 'recommandation de confrère', 'Jeune médecin découvrant les visiteurs', 'a55', 486),
(316, '2012-10-17', 'Prise de contact', 'Très aimable maintenir un contact régulier', 'e22', 551),
(317, '2012-10-17', 'Demande du médecin', 'Sur sa réserve', 'e49', 169),
(318, '2012-10-17', 'Visite annuelle', 'Pas intéressé du tout', 'b34', 707),
(319, '2012-10-17', 'recommandation de confrère', 'Pas intéressé du tout', 'b4', 814),
(320, '2012-10-17', 'Prise de contact', 'Visite positive', 'c54', 69),
(321, '2012-10-18', 'Installation nouvelle', 'Peu bavard', 'f21', 71),
(322, '2012-10-18', 'Installation nouvelle', 'Jeune médecin découvrant les visiteurs', 'e39', 404),
(323, '2012-10-18', 'Demande du médecin', 'Pas très aimable', 'c14', 895),
(324, '2012-10-18', 'Installation nouvelle', 'Peu intéressé', 'b28', 175),
(325, '2012-10-18', 'Installation nouvelle', 'RAS', 'a131', 588),
(326, '2012-10-18', 'Prise de contact', 'Très fixé sur les produits utilisés', 'b50', 314),
(327, '2012-10-18', 'recommandation de confrère', 'Demande à me revoir dans un mois', 'b16', 926),
(328, '2012-10-18', 'Visite annuelle', 'Pas en confiance', 'b28', 970),
(329, '2012-10-18', 'Installation nouvelle', 'RAS', 'e24', 466),
(330, '2012-10-18', 'Demande du médecin', 'Trop pressé', 'f21', 955),
(331, '2012-10-18', 'Demande du médecin', 'Jeune médecin découvrant les visiteurs', 'e5', 541),
(332, '2012-10-18', 'Installation nouvelle', 'Très fixé sur les produits utilisés', 'a131', 21),
(333, '2012-10-18', 'recommandation de confrère', 'A revoir assez rapidement', 'a55', 548),
(334, '2012-10-18', 'recommandation de confrère', 'RAS', 'c3', 273),
(335, '2012-10-18', 'Prise de contact', 'Trop pressé', 'a55', 812),
(336, '2012-10-18', 'Visite annuelle', 'Visite positive', 'b34', 625),
(337, '2012-10-18', 'Demande du médecin', 'A beaucoup appécié notre rencontre', 'a55', 662),
(338, '2012-10-18', 'Visite annuelle', 'Visite positive', 'e49', 65),
(339, '2012-10-18', 'Visite annuelle', 'RAS', 'b19', 91),
(340, '2012-10-18', 'Prise de contact', 'Peu intéressé', 'c3', 511),
(341, '2012-10-19', 'Installation nouvelle', 'Sur sa réserve', 'f39', 789),
(342, '2012-10-19', 'Prise de contact', 'Demande à me revoir dans un mois', 'a93', 756),
(343, '2012-10-19', 'Prise de contact', 'Très fixé sur les produits utilisés', 'f21', 711),
(344, '2012-10-19', 'Prise de contact', 'Sur sa réserve', 'e39', 481),
(345, '2012-10-19', 'Visite annuelle', 'A revoir assez rapidement', 'b25', 203),
(346, '2012-10-19', 'Demande du médecin', 'Très aimable maintenir un contact régulier', 'e5', 103),
(347, '2012-10-19', 'Prise de contact', 'RAS', 'b59', 796),
(348, '2012-10-19', 'Installation nouvelle', 'Très fixé sur les produits utilisés', 'd51', 599),
(349, '2012-10-19', 'Visite annuelle', 'Pas très aimable', 'a17', 994),
(350, '2012-10-19', 'recommandation de confrère', 'Pas très aimable', 'a17', 506),
(351, '2012-10-19', 'Prise de contact', 'Très aimable maintenir un contact régulier', 'b16', 669),
(352, '2012-10-19', 'recommandation de confrère', 'Très intéressé par les produits présentés', 'c14', 935),
(353, '2012-10-19', 'Demande du médecin', 'Demande à me revoir dans un mois', 'a17', 367),
(354, '2012-10-19', 'Installation nouvelle', 'Très aimable maintenir un contact régulier', 'a93', 385),
(355, '2012-10-19', 'Demande du médecin', 'Visite positive', 'b34', 544),
(356, '2012-10-19', 'Demande du médecin', 'Très aimable maintenir un contact régulier', 'f39', 985),
(357, '2012-10-19', 'recommandation de confrère', 'Très aimable maintenir un contact régulier', 'c54', 980),
(358, '2012-10-19', 'Visite annuelle', 'Demande à me revoir dans un mois', 'c54', 456),
(359, '2012-10-19', 'Visite annuelle', 'Demande à me revoir dans un mois', 'e24', 4),
(360, '2012-10-19', 'Visite annuelle', 'Sur sa réserve', 'b16', 318),
(361, '2012-10-20', 'Prise de contact', 'A beaucoup appécié notre rencontre', 'c14', 19),
(362, '2012-10-20', 'Prise de contact', 'Pas intéressé du tout', 'f21', 751),
(363, '2012-10-20', 'Prise de contact', 'Trop pressé', 'd51', 13),
(364, '2012-10-20', 'Demande du médecin', 'Très fixé sur les produits utilisés', 'b16', 104),
(365, '2012-10-20', 'Demande du médecin', 'A revoir assez rapidement', 'e5', 535),
(366, '2012-10-20', 'Prise de contact', 'A beaucoup appécié notre rencontre', 'e5', 479),
(367, '2012-10-20', 'Visite annuelle', 'Pas très aimable', 'b13', 876),
(368, '2012-10-20', 'Prise de contact', 'Sur sa réserve', 'b16', 137),
(369, '2012-10-20', 'Installation nouvelle', 'RAS', 'a131', 736),
(370, '2012-10-20', 'recommandation de confrère', 'Peu bavard', 'c3', 504),
(371, '2012-10-20', 'Demande du médecin', 'Visite positive', 'c3', 407),
(372, '2012-10-20', 'Visite annuelle', 'Pas très aimable', 'b19', 691),
(373, '2012-10-20', 'Prise de contact', 'Trop pressé', 'd13', 938),
(374, '2012-10-20', 'Demande du médecin', 'Trop pressé', 'e49', 4),
(375, '2012-10-20', 'Installation nouvelle', 'RAS', 'e5', 830),
(376, '2012-10-20', 'Visite annuelle', 'Très intéressé par les produits présentés', 'b13', 276),
(377, '2012-10-20', 'Prise de contact', 'A beaucoup appécié notre rencontre', 'b34', 173),
(378, '2012-10-20', 'Prise de contact', 'Très fixé sur les produits utilisés', 'b25', 424),
(379, '2012-10-20', 'Installation nouvelle', 'Très aimable maintenir un contact régulier', 'a93', 628),
(380, '2012-10-20', 'recommandation de confrère', 'Très fixé sur les produits utilisés', 'b34', 587),
(381, '2012-10-21', 'Demande du médecin', 'Très fixé sur les produits utilisés', 'b28', 913),
(382, '2012-10-21', 'Prise de contact', 'Pas intéressé du tout', 'e39', 985),
(383, '2012-10-21', 'Demande du médecin', 'RAS', 'a17', 750),
(384, '2012-10-21', 'Visite annuelle', 'Pas en confiance', 'b34', 317),
(385, '2012-10-21', 'Installation nouvelle', 'Pas intéressé du tout', 'f21', 584),
(386, '2012-10-21', 'Demande du médecin', 'RAS', 'b16', 55),
(387, '2012-10-21', 'Demande du médecin', 'A revoir assez rapidement', 'b25', 982),
(388, '2012-10-21', 'Prise de contact', 'A revoir assez rapidement', 'a131', 238),
(389, '2012-10-21', 'Installation nouvelle', 'Pas intéressé du tout', 'b59', 644),
(390, '2012-10-21', 'Installation nouvelle', 'Pas intéressé du tout', 'e24', 168),
(391, '2012-10-21', 'Installation nouvelle', 'Très aimable maintenir un contact régulier', 'f21', 476),
(392, '2012-10-21', 'Prise de contact', 'A beaucoup appécié notre rencontre', 'b28', 926),
(393, '2012-10-21', 'recommandation de confrère', 'Visite positive', 'f21', 694),
(394, '2012-10-21', 'Prise de contact', 'Demande à me revoir dans un mois', 'b34', 294),
(395, '2012-10-21', 'Demande du médecin', 'Pas intéressé du tout', 'c3', 329),
(396, '2012-10-21', 'Visite annuelle', 'Visite positive', 'b50', 22),
(397, '2012-10-21', 'recommandation de confrère', 'Demande à me revoir dans un mois', 'a17', 843),
(398, '2012-10-21', 'Demande du médecin', 'Pas en confiance', 'c3', 428),
(399, '2012-10-21', 'Prise de contact', 'Demande à me revoir dans un mois', 'e5', 867),
(400, '2012-10-21', 'Visite annuelle', 'Pas en confiance', 'd13', 810),
(401, '2012-10-22', 'recommandation de confrère', 'Très aimable maintenir un contact régulier', 'a131', 720),
(402, '2012-10-22', 'Demande du médecin', 'Très aimable maintenir un contact régulier', 'e24', 910),
(403, '2012-10-22', 'recommandation de confrère', 'Sur sa réserve', 'b34', 467),
(404, '2012-10-22', 'Installation nouvelle', 'Jeune médecin découvrant les visiteurs', 'b13', 908),
(405, '2012-10-22', 'recommandation de confrère', 'Peu intéressé', 'b59', 629),
(406, '2012-10-22', 'Prise de contact', 'Très fixé sur les produits utilisés', 'd51', 253),
(407, '2012-10-22', 'Demande du médecin', 'A beaucoup appécié notre rencontre', 'b13', 702),
(408, '2012-10-22', 'recommandation de confrère', 'Très fixé sur les produits utilisés', 'b13', 549),
(409, '2012-10-22', 'Installation nouvelle', 'Pas en confiance', 'b50', 651),
(410, '2012-10-22', 'recommandation de confrère', 'Pas en confiance', 'e24', 640),
(411, '2012-10-22', 'Visite annuelle', 'Sur sa réserve', 'f21', 80),
(412, '2012-10-22', 'Demande du médecin', 'Très intéressé par les produits présentés', 'e22', 108),
(413, '2012-10-22', 'Installation nouvelle', 'Peu bavard', 'f21', 179),
(414, '2012-10-22', 'Demande du médecin', 'Peu bavard', 'b28', 406),
(415, '2012-10-22', 'Installation nouvelle', 'Demande à me revoir dans un mois', 'b59', 749),
(416, '2012-10-22', 'Visite annuelle', 'RAS', 'f39', 420),
(417, '2012-10-22', 'recommandation de confrère', 'Visite positive', 'e39', 968),
(418, '2012-10-22', 'recommandation de confrère', 'A beaucoup appécié notre rencontre', 'a55', 192),
(419, '2012-10-22', 'Visite annuelle', 'Visite positive', 'c3', 340),
(420, '2012-10-22', 'Prise de contact', 'Pas très aimable', 'e52', 146),
(421, '2012-10-23', 'Installation nouvelle', 'RAS', 'a17', 978),
(422, '2012-10-23', 'Prise de contact', 'RAS', 'b28', 678),
(423, '2012-10-23', 'Prise de contact', 'RAS', 'f39', 68),
(424, '2012-10-23', 'Demande du médecin', 'RAS', 'b59', 23),
(425, '2012-10-23', 'Visite annuelle', 'A beaucoup appécié notre rencontre', 'a55', 549),
(426, '2012-10-23', 'Demande du médecin', 'Demande à me revoir dans un mois', 'a93', 115),
(427, '2012-10-23', 'recommandation de confrère', 'Demande à me revoir dans un mois', 'a131', 375),
(428, '2012-10-23', 'Prise de contact', 'Peu bavard', 'e5', 100),
(429, '2012-10-23', 'recommandation de confrère', 'Très aimable maintenir un contact régulier', 'f21', 116),
(430, '2012-10-23', 'recommandation de confrère', 'RAS', 'e5', 989),
(431, '2012-10-23', 'Prise de contact', 'Très intéressé par les produits présentés', 'c3', 931),
(432, '2012-10-23', 'Prise de contact', 'RAS', 'f21', 159),
(433, '2012-10-23', 'Demande du médecin', 'A beaucoup appécié notre rencontre', 'b13', 23),
(434, '2012-10-23', 'Prise de contact', 'Très aimable maintenir un contact régulier', 'e49', 43),
(435, '2012-10-23', 'recommandation de confrère', 'Peu bavard', 'a93', 783),
(436, '2012-10-23', 'recommandation de confrère', 'Peu bavard', 'b19', 443),
(437, '2012-10-23', 'Visite annuelle', 'Visite positive', 'b16', 930),
(438, '2012-10-23', 'Visite annuelle', 'Très aimable maintenir un contact régulier', 'a17', 157),
(439, '2012-10-23', 'Installation nouvelle', 'Très intéressé par les produits présentés', 'a17', 177),
(440, '2012-10-23', 'Demande du médecin', 'A revoir assez rapidement', 'c3', 831),
(441, '2012-10-24', 'recommandation de confrère', 'Visite positive', 'f39', 881),
(442, '2012-10-24', 'recommandation de confrère', 'Visite positive', 'c54', 519),
(443, '2012-10-24', 'Prise de contact', 'Peu intéressé', 'b16', 6),
(444, '2012-10-24', 'recommandation de confrère', 'Très intéressé par les produits présentés', 'f39', 556),
(445, '2012-10-24', 'recommandation de confrère', 'Très intéressé par les produits présentés', 'e24', 681),
(446, '2012-10-24', 'recommandation de confrère', 'RAS', 'a55', 39),
(447, '2012-10-24', 'Prise de contact', 'RAS', 'b4', 408),
(448, '2012-10-24', 'Demande du médecin', 'Trop pressé', 'e49', 719),
(449, '2012-10-24', 'Demande du médecin', 'Pas intéressé du tout', 'f39', 148),
(450, '2012-10-24', 'recommandation de confrère', 'Très aimable maintenir un contact régulier', 'd13', 330),
(451, '2012-10-24', 'Demande du médecin', 'Pas en confiance', 'b50', 139),
(452, '2012-10-24', 'Visite annuelle', 'RAS', 'b25', 538),
(453, '2012-10-24', 'Visite annuelle', 'Très fixé sur les produits utilisés', 'b25', 99),
(454, '2012-10-24', 'Prise de contact', 'Peu intéressé', 'a131', 815),
(455, '2012-10-24', 'Installation nouvelle', 'Peu bavard', 'b4', 784),
(456, '2012-10-24', 'Prise de contact', 'A revoir assez rapidement', 'b16', 813),
(457, '2012-10-24', 'Visite annuelle', 'Très fixé sur les produits utilisés', 'c54', 590),
(458, '2012-10-24', 'Visite annuelle', 'Visite positive', 'c54', 495),
(459, '2012-10-24', 'Prise de contact', 'Jeune médecin découvrant les visiteurs', 'b4', 129),
(460, '2012-10-24', 'Prise de contact', 'Peu bavard', 'e5', 434),
(461, '2012-10-25', 'Installation nouvelle', 'Visite positive', 'b25', 794),
(462, '2012-10-25', 'Demande du médecin', 'Pas en confiance', 'b25', 507),
(463, '2012-10-25', 'Demande du médecin', 'Sur sa réserve', 'b4', 12),
(464, '2012-10-25', 'recommandation de confrère', 'Visite positive', 'e5', 80),
(465, '2012-10-25', 'Prise de contact', 'Trop pressé', 'a17', 685),
(466, '2012-10-25', 'Prise de contact', 'Trop pressé', 'b4', 260),
(467, '2012-10-25', 'recommandation de confrère', 'Demande à me revoir dans un mois', 'd13', 18),
(468, '2012-10-25', 'Prise de contact', 'Peu intéressé', 'b19', 780),
(469, '2012-10-25', 'Visite annuelle', 'Peu bavard', 'a131', 608),
(470, '2012-10-25', 'recommandation de confrère', 'Jeune médecin découvrant les visiteurs', 'b50', 335),
(471, '2012-10-25', 'Visite annuelle', 'Très intéressé par les produits présentés', 'b28', 988),
(472, '2012-10-25', 'Prise de contact', 'Pas très aimable', 'c14', 610),
(473, '2012-10-25', 'Prise de contact', 'Très aimable maintenir un contact régulier', 'd51', 919),
(474, '2012-10-25', 'recommandation de confrère', 'A revoir assez rapidement', 'f39', 63),
(475, '2012-10-25', 'Prise de contact', 'RAS', 'e52', 548),
(476, '2012-10-25', 'Visite annuelle', 'Pas intéressé du tout', 'a131', 393),
(477, '2012-10-25', 'recommandation de confrère', 'Pas très aimable', 'f21', 16),
(478, '2012-10-25', 'recommandation de confrère', 'Pas intéressé du tout', 'b16', 23),
(479, '2012-10-25', 'Visite annuelle', 'Pas en confiance', 'b59', 333),
(480, '2012-10-25', 'Demande du médecin', 'Jeune médecin découvrant les visiteurs', 'e49', 309),
(481, '2012-10-26', 'Demande du médecin', 'RAS', 'b50', 143),
(482, '2012-10-26', 'Demande du médecin', 'Très aimable maintenir un contact régulier', 'e5', 872),
(483, '2012-10-26', 'recommandation de confrère', 'Peu bavard', 'b13', 841),
(484, '2012-10-26', 'Prise de contact', 'Peu intéressé', 'b16', 943),
(485, '2012-10-26', 'Visite annuelle', 'Peu intéressé', 'a55', 818),
(486, '2012-10-26', 'Installation nouvelle', 'A beaucoup appécié notre rencontre', 'e39', 293),
(487, '2012-10-26', 'Visite annuelle', 'Trop pressé', 'e24', 176),
(488, '2012-10-26', 'Installation nouvelle', 'Trop pressé', 'd51', 31),
(489, '2012-10-26', 'Demande du médecin', 'Pas très aimable', 'b19', 85),
(490, '2012-10-26', 'Installation nouvelle', 'Peu intéressé', 'b13', 546),
(491, '2012-10-26', 'Installation nouvelle', 'Très intéressé par les produits présentés', 'a17', 841),
(492, '2012-10-26', 'Visite annuelle', 'Très aimable maintenir un contact régulier', 'b59', 278),
(493, '2012-10-26', 'Prise de contact', 'A beaucoup appécié notre rencontre', 'b19', 453),
(494, '2012-10-26', 'Demande du médecin', 'RAS', 'd51', 792),
(495, '2012-10-26', 'Demande du médecin', 'Sur sa réserve', 'a131', 566),
(496, '2012-10-26', 'Installation nouvelle', 'Pas en confiance', 'b13', 305),
(497, '2012-10-26', 'Demande du médecin', 'Sur sa réserve', 'd13', 948),
(498, '2012-10-26', 'Installation nouvelle', 'Sur sa réserve', 'a93', 184),
(499, '2012-10-26', 'Installation nouvelle', 'A beaucoup appécié notre rencontre', 'a17', 571),
(500, '2012-10-26', 'Prise de contact', 'Peu bavard', 'b13', 784),
(501, '2012-10-27', 'Visite annuelle', 'Très fixé sur les produits utilisés', 'd51', 168),
(502, '2012-10-27', 'Prise de contact', 'A revoir assez rapidement', 'e22', 224),
(503, '2012-10-27', 'recommandation de confrère', 'Très fixé sur les produits utilisés', 'e5', 627),
(504, '2012-10-27', 'recommandation de confrère', 'Pas très aimable', 'f21', 45),
(505, '2012-10-27', 'recommandation de confrère', 'Pas en confiance', 'c3', 967),
(506, '2012-10-27', 'Installation nouvelle', 'A beaucoup appécié notre rencontre', 'd13', 358),
(507, '2012-10-27', 'Demande du médecin', 'Très intéressé par les produits présentés', 'e22', 758),
(508, '2012-10-27', 'recommandation de confrère', 'Très intéressé par les produits présentés', 'b28', 278),
(509, '2012-10-27', 'recommandation de confrère', 'A revoir assez rapidement', 'b4', 147),
(510, '2012-10-27', 'Visite annuelle', 'Peu bavard', 'e52', 47),
(511, '2012-10-27', 'Prise de contact', 'Jeune médecin découvrant les visiteurs', 'a131', 192),
(512, '2012-10-27', 'Demande du médecin', 'A beaucoup appécié notre rencontre', 'b25', 129),
(513, '2012-10-27', 'Installation nouvelle', 'RAS', 'd51', 711),
(514, '2012-10-27', 'Demande du médecin', 'A revoir assez rapidement', 'a17', 628),
(515, '2012-10-27', 'recommandation de confrère', 'Très aimable maintenir un contact régulier', 'e39', 327),
(516, '2012-10-27', 'Prise de contact', 'Peu bavard', 'b25', 831),
(517, '2012-10-27', 'Visite annuelle', 'Pas très aimable', 'd13', 664),
(518, '2012-10-27', 'Demande du médecin', 'Demande à me revoir dans un mois', 'a131', 914),
(519, '2012-10-27', 'recommandation de confrère', 'A beaucoup appécié notre rencontre', 'c3', 344),
(520, '2012-10-27', 'Prise de contact', 'Jeune médecin découvrant les visiteurs', 'a17', 873),
(521, '2012-10-28', 'Installation nouvelle', 'Pas très aimable', 'a93', 900),
(522, '2012-10-28', 'Prise de contact', 'Trop pressé', 'e5', 752),
(523, '2012-10-28', 'Visite annuelle', 'Demande à me revoir dans un mois', 'b28', 708),
(524, '2012-10-28', 'Demande du médecin', 'Pas très aimable', 'c14', 459),
(525, '2012-10-28', 'Visite annuelle', 'A revoir assez rapidement', 'a17', 709),
(526, '2012-10-28', 'recommandation de confrère', 'Trop pressé', 'e52', 821),
(527, '2012-10-28', 'Visite annuelle', 'Pas en confiance', 'e5', 886),
(528, '2012-10-28', 'Installation nouvelle', 'Pas en confiance', 'a55', 400),
(529, '2012-10-28', 'Demande du médecin', 'Peu intéressé', 'c3', 943),
(530, '2012-10-28', 'recommandation de confrère', 'Jeune médecin découvrant les visiteurs', 'b4', 495),
(531, '2012-10-28', 'Installation nouvelle', 'Peu intéressé', 'b59', 437),
(532, '2012-10-28', 'Prise de contact', 'Pas intéressé du tout', 'e22', 265),
(533, '2012-10-28', 'recommandation de confrère', 'Très intéressé par les produits présentés', 'b19', 321),
(534, '2012-10-28', 'Demande du médecin', 'Très aimable maintenir un contact régulier', 'a131', 142),
(535, '2012-10-28', 'Installation nouvelle', 'Très aimable maintenir un contact régulier', 'e52', 684),
(536, '2012-10-28', 'Installation nouvelle', 'Peu bavard', 'a55', 471),
(537, '2012-10-28', 'Installation nouvelle', 'Peu intéressé', 'b50', 322),
(538, '2012-10-28', 'Visite annuelle', 'Pas très aimable', 'd13', 703),
(539, '2012-10-28', 'Installation nouvelle', 'Pas très aimable', 'a131', 971),
(540, '2012-10-28', 'Visite annuelle', 'Très fixé sur les produits utilisés', 'b28', 700),
(541, '2012-10-29', 'Visite annuelle', 'Pas très aimable', 'e52', 580),
(542, '2012-10-29', 'Prise de contact', 'Demande à me revoir dans un mois', 'a131', 885),
(543, '2012-10-29', 'recommandation de confrère', 'Jeune médecin découvrant les visiteurs', 'b25', 493),
(544, '2012-10-29', 'Prise de contact', 'Pas en confiance', 'e24', 699),
(545, '2012-10-29', 'recommandation de confrère', 'RAS', 'e39', 566),
(546, '2012-10-29', 'recommandation de confrère', 'Très aimable maintenir un contact régulier', 'b19', 411),
(547, '2012-10-29', 'Prise de contact', 'A beaucoup appécié notre rencontre', 'c14', 790),
(548, '2012-10-29', 'Demande du médecin', 'RAS', 'f39', 184),
(549, '2012-10-29', 'recommandation de confrère', 'A revoir assez rapidement', 'd13', 152),
(550, '2012-10-29', 'Visite annuelle', 'Très fixé sur les produits utilisés', 'a131', 865),
(551, '2012-10-29', 'recommandation de confrère', 'Pas très aimable', 'b50', 619),
(552, '2012-10-29', 'Demande du médecin', 'Sur sa réserve', 'b16', 78),
(553, '2012-10-29', 'recommandation de confrère', 'Très aimable maintenir un contact régulier', 'a93', 127),
(554, '2012-10-29', 'Installation nouvelle', 'Demande à me revoir dans un mois', 'e5', 682),
(555, '2012-10-29', 'Demande du médecin', 'Très fixé sur les produits utilisés', 'a93', 917),
(556, '2012-10-29', 'Demande du médecin', 'A revoir assez rapidement', 'c3', 864),
(557, '2012-10-29', 'Prise de contact', 'Très intéressé par les produits présentés', 'c14', 316),
(558, '2012-10-29', 'Visite annuelle', 'Pas très aimable', 'c54', 320),
(559, '2012-10-29', 'Visite annuelle', 'Peu intéressé', 'd51', 274),
(560, '2012-10-29', 'recommandation de confrère', 'Pas très aimable', 'a55', 298),
(561, '2012-10-30', 'Demande du médecin', 'Très fixé sur les produits utilisés', 'f21', 33),
(562, '2012-10-30', 'recommandation de confrère', 'Visite positive', 'b59', 205),
(563, '2012-10-30', 'Demande du médecin', 'Peu bavard', 'e39', 611),
(564, '2012-10-30', 'Demande du médecin', 'Très intéressé par les produits présentés', 'c54', 635),
(565, '2012-10-30', 'Visite annuelle', 'A beaucoup appécié notre rencontre', 'b16', 205),
(566, '2012-10-30', 'Installation nouvelle', 'Peu intéressé', 'f39', 251),
(567, '2012-10-30', 'Installation nouvelle', 'Visite positive', 'a93', 788),
(568, '2012-10-30', 'Visite annuelle', 'Pas très aimable', 'e24', 748),
(569, '2012-10-30', 'Demande du médecin', 'Visite positive', 'c3', 813),
(570, '2012-10-30', 'Demande du médecin', 'A beaucoup appécié notre rencontre', 'f39', 542);

-- --------------------------------------------------------

--
-- Structure de la table `specialite`
--

CREATE TABLE IF NOT EXISTS `specialite` (
  `id` varchar(3) NOT NULL,
  `specialite` varchar(64) NOT NULL,
  PRIMARY KEY (`id`)
) ENGINE=InnoDB DEFAULT CHARSET=latin1;

--
-- Contenu de la table `specialite`
--

INSERT INTO `specialite` (`id`, `specialite`) VALUES
('ACU', 'ACUPONCTURE'),
('ALL', 'ALLERGOLOGIE'),
('ANG', 'ANGEIOLOGIE'),
('CHC', 'CHEF DE CLINIQUE'),
('CHR', 'CHIRURGIE'),
('GEN', 'GENERALISTE'),
('GER', 'GERONTOLOGIE'),
('HOM', 'HOMEOPATHIE'),
('INF', 'INFIRMIER'),
('MAS', 'MEDECINE APPLIQUEE AUX SPORTS'),
('OBS', 'OBSTETRICIEN'),
('OST', 'OSTEOPATHIE'),
('PSY', 'PSYCHIATRE'),
('URG', 'URGENTISTE');

-- --------------------------------------------------------

--
-- Structure de la table `visiteur`
--

CREATE TABLE IF NOT EXISTS `visiteur` (
  `id` char(4) NOT NULL,
  `nom` char(30) DEFAULT NULL,
  `prenom` char(30) DEFAULT NULL,
  `login` char(20) DEFAULT NULL,
  `mdp` char(20) DEFAULT NULL,
  `adresse` char(30) DEFAULT NULL,
  `cp` char(5) DEFAULT NULL,
  `ville` char(30) DEFAULT NULL,
  `dateEmbauche` date DEFAULT NULL,
  PRIMARY KEY (`id`)
) ENGINE=InnoDB DEFAULT CHARSET=latin1;

--
-- Contenu de la table `visiteur`
--

INSERT INTO `visiteur` (`id`, `nom`, `prenom`, `login`, `mdp`, `adresse`, `cp`, `ville`, `dateEmbauche`) VALUES
('a131', 'Villechalane', 'Louis', 'lvillachane', 'jux7g', '8 rue des Charmes', '46000', 'Cahors', '2005-12-21'),
('a17', 'Andre', 'David', 'dandre', 'oppg5', '1 rue Petit', '46200', 'Lalbenque', '1998-11-23'),
('a55', 'Bedos', 'Christian', 'cbedos', 'gmhxd', '1 rue Peranud', '46250', 'Montcuq', '1995-01-12'),
('a93', 'Tusseau', 'Louis', 'ltusseau', 'ktp3s', '22 rue des Ternes', '46123', 'Gramat', '2000-05-01'),
('b13', 'Bentot', 'Pascal', 'pbentot', 'doyw1', '11 allée des Cerises', '46512', 'Bessines', '1992-07-09'),
('b16', 'Bioret', 'Luc', 'lbioret', 'hrjfs', '1 Avenue gambetta', '46000', 'Cahors', '1998-05-11'),
('b19', 'Bunisset', 'Francis', 'fbunisset', '4vbnd', '10 rue des Perles', '93100', 'Montreuil', '1987-10-21'),
('b25', 'Bunisset', 'Denise', 'dbunisset', 's1y1r', '23 rue Manin', '75019', 'paris', '2010-12-05'),
('b28', 'Cacheux', 'Bernard', 'bcacheux', 'uf7r3', '114 rue Blanche', '75017', 'Paris', '2009-11-12'),
('b34', 'Cadic', 'Eric', 'ecadic', '6u8dc', '123 avenue de la République', '75011', 'Paris', '2008-09-23'),
('b4', 'Charoze', 'Catherine', 'ccharoze', 'u817o', '100 rue Petit', '75019', 'Paris', '2005-11-12'),
('b50', 'Clepkens', 'Christophe', 'cclepkens', 'bw1us', '12 allée des Anges', '93230', 'Romainville', '2003-08-11'),
('b59', 'Cottin', 'Vincenne', 'vcottin', '2hoh9', '36 rue Des Roches', '93100', 'Monteuil', '2001-11-18'),
('c14', 'Daburon', 'François', 'fdaburon', '7oqpv', '13 rue de Chanzy', '94000', 'Créteil', '2002-02-11'),
('c3', 'De', 'Philippe', 'pde', 'gk9kx', '13 rue Barthes', '94000', 'Créteil', '2010-12-14'),
('c54', 'Debelle', 'Michel', 'mdebelle', 'od5rt', '181 avenue Barbusse', '93210', 'Rosny', '2006-11-23'),
('d13', 'Debelle', 'Jeanne', 'jdebelle', 'nvwqq', '134 allée des Joncs', '44000', 'Nantes', '2000-05-11'),
('d51', 'Debroise', 'Michel', 'mdebroise', 'sghkb', '2 Bld Jourdain', '44000', 'Nantes', '2001-04-17'),
('e22', 'Desmarquest', 'Nathalie', 'ndesmarquest', 'f1fob', '14 Place d Arc', '45000', 'Orléans', '2005-11-12'),
('e24', 'Desnost', 'Pierre', 'pdesnost', '4k2o5', '16 avenue des Cèdres', '23200', 'Guéret', '2001-02-05'),
('e39', 'Dudouit', 'Frédéric', 'fdudouit', '44im8', '18 rue de l église', '23120', 'GrandBourg', '2000-08-01'),
('e49', 'Duncombe', 'Claude', 'cduncombe', 'qf77j', '19 rue de la tour', '23100', 'La souteraine', '1987-10-10'),
('e5', 'Enault-Pascreau', 'Céline', 'cenault', 'y2qdu', '25 place de la gare', '23200', 'Gueret', '1995-09-01'),
('e52', 'Eynde', 'Valérie', 'veynde', 'i7sn3', '3 Grand Place', '13015', 'Marseille', '1999-11-01'),
('f21', 'Finck', 'Jacques', 'jfinck', 'mpb3t', '10 avenue du Prado', '13002', 'Marseille', '2001-11-10'),
('f39', 'Frémont', 'Fernande', 'ffremont', 'xs5tq', '4 route de la mer', '13012', 'Allauh', '1998-10-01'),
('f4', 'Gest', 'Alain', 'agest', 'dywvt', '30 avenue de la mer', '13025', 'Berre', '1985-11-01');

--
-- Contraintes pour les tables exportées
--

--
-- Contraintes pour la table `medecin`
--
ALTER TABLE `medecin`
  ADD CONSTRAINT `medecin_fk` FOREIGN KEY (`idSpecialite`) REFERENCES `specialite` (`id`);

--
-- Contraintes pour la table `medicament`
--
ALTER TABLE `medicament`
  ADD CONSTRAINT `medicament_fk` FOREIGN KEY (`idFamille`) REFERENCES `famille` (`id`);

--
-- Contraintes pour la table `offrir`
--
ALTER TABLE `offrir`
  ADD CONSTRAINT `offrir_fk1` FOREIGN KEY (`idRapport`) REFERENCES `rapport` (`id`),
  ADD CONSTRAINT `offrir_fk2` FOREIGN KEY (`idMedicament`) REFERENCES `medicament` (`id`);

--
-- Contraintes pour la table `rapport`
--
ALTER TABLE `rapport`
  ADD CONSTRAINT `rapport_fk1` FOREIGN KEY (`idVisiteur`) REFERENCES `visiteur` (`id`),
  ADD CONSTRAINT `rapport_fk2` FOREIGN KEY (`idMedecin`) REFERENCES `medecin` (`id`);

/*!40101 SET CHARACTER_SET_CLIENT=@OLD_CHARACTER_SET_CLIENT */;
/*!40101 SET CHARACTER_SET_RESULTS=@OLD_CHARACTER_SET_RESULTS */;
/*!40101 SET COLLATION_CONNECTION=@OLD_COLLATION_CONNECTION */;
